data_hoje,p_6,p_5,p_4,p_3,p_2,p_1,hoje,f_1,f_2,f_3,f_4,f_5,f_6,f_7,f_8
2026-01-26 19:02:28,258.2099914550781,255.52999877929688,246.6999969482422,247.64999389648438,248.35000610351562,248.0399932861328,255.3000030517578,254.37918090820312,254.1739044189453,255.47885131835938,255.85433959960938,256.7130126953125,255.60296630859375,254.99673461914062,254.42593383789062
