data_hoje,p_6,p_5,p_4,p_3,p_2,p_1,hoje,f_1,f_2,f_3,f_4,f_5,f_6,f_7,f_8
2026-01-27 21:00:00,260.7200012207031,261.30999755859375,260.2550048828125,259.875,259.3800048828125,258.2799987792969,258.2699890136719,258.3677978515625,258.1448669433594,258.78265380859375,258.3426208496094,258.27545166015625,258.1502380371094,258.6011657714844,258.609375
