data_hoje,p_6,p_5,p_4,p_3,p_2,p_1,hoje,f_1,f_2,f_3,f_4,f_5,f_6,f_7,f_8
2026-01-26 17:31:13,278.2799987792969,271.8399963378906,270.9700012207031,262.3599853515625,255.52999877929688,247.6499938964844,254.4850006103516,253.8658142089844,250.88833618164065,253.54200744628903,255.344482421875,254.7168731689453,254.19970703125,256.99468994140625,254.88775634765625
