data_hoje,p_6,p_5,p_4,p_3,p_2,p_1,hoje,f_1,f_2,f_3,f_4,f_5,f_6,f_7,f_8
2026-01-26 17:28:33,258.2099914550781,255.52999877929688,246.6999969482422,247.64999389648438,248.35000610351562,248.0399932861328,254.5800018310547,255.5060577392578,254.7206573486328,254.43527221679688,255.19400024414062,256.1912536621094,255.47950744628906,254.72642517089844,257.2392578125
