data_hoje,p_6,p_5,p_4,p_3,p_2,p_1,hoje,f_1,f_2,f_3,f_4,f_5,f_6,f_7,f_8
2026-01-26 19:00:00,153.07200622558594,159.26284790039062,157.11773681640625,156.91444396972656,155.98406982421875,147.73570251464844,153.80271911621094,153.00901794433594,153.7310333251953,154.08921813964844,153.01806640625,153.16294860839844,152.8662872314453,153.01905822753906,152.2526092529297
