data_hoje,p_6,p_5,p_4,p_3,p_2,p_1,hoje,f_1,f_2,f_3,f_4,f_5,f_6,f_7,f_8
2026-01-26 17:27:00,153.07200622558594,159.26284790039062,157.11773681640625,156.91444396972656,155.98406982421875,147.73570251464844,152.68321228027344,152.87033081054688,151.2484588623047,151.65045166015625,151.6524200439453,152.24237060546875,152.6350860595703,152.94949340820312,153.2744903564453
