data_hoje,dia_1,dia_2,dia_3,dia_4,dia_5,dia_6,hoje,futuro_1,futuro_2,futuro_3,futuro_4,futuro_5,futuro_6,futuro_7,futuro_8
2026-01-26 14:07:00,153.07200622558594,159.26284790039062,157.11773681640625,156.91444396972656,155.98406982421875,147.73570251464844,152.43597412109375,152.39683532714844,151.89990234375,151.77952575683594,152.4313201904297,152.52149963378906,152.29383850097656,153.167724609375,151.46661376953125
