data_hoje,p_6,p_5,p_4,p_3,p_2,p_1,hoje,f_1,f_2,f_3,f_4,f_5,f_6,f_7,f_8
2026-01-27 22:18:00,153.29971313476562,155.32424926757812,156.09962463378906,158.74412536621094,157.80860900878906,158.75982666015625,158.72804260253906,158.84857177734375,158.79580688476562,158.4048614501953,158.1381072998047,158.12974548339844,158.1554412841797,158.8694610595703,159.2772979736328
