data_hoje,p_6,p_5,p_4,p_3,p_2,p_1,hoje,f_1,f_2,f_3,f_4,f_5,f_6,f_7,f_8
2026-01-27 20:00:00,15.069999694824219,15.039999961853027,15.029999732971191,14.960000038146973,14.890000343322754,14.90999984741211,14.869999885559082,14.858779907226562,14.863781929016113,14.868249893188477,14.874585151672363,14.880281448364258,14.889154434204102,14.890491485595703,14.877822875976562
