data_hoje,p_6,p_5,p_4,p_3,p_2,p_1,hoje,f_1,f_2,f_3,f_4,f_5,f_6,f_7,f_8
2026-01-26 21:07:39,13.920000076293945,13.470000267028809,13.649999618530273,13.699999809265137,13.899999618530273,14.59000015258789,15.050000190734863,15.083320617675781,15.14555549621582,15.103527069091797,14.874496459960938,14.880192756652832,14.98062801361084,15.034295082092285,14.89718246459961
