data_hoje,dia_1,dia_2,dia_3,dia_4,dia_5,dia_6,hoje,futuro_1,futuro_2,futuro_3,futuro_4,futuro_5,futuro_6,futuro_7,futuro_8
2026-01-26 14:07:00,0.3504279851913452,0.3656969964504242,0.35889700055122375,0.3600989878177643,0.3581629991531372,0.33870500326156616,0.34978941082954407,0.3507937788963318,0.3482436537742615,0.34640949964523315,0.3462145924568176,0.3456742763519287,0.3529163599014282,0.3517489731311798,0.35312309861183167
