data_hoje,p_6,p_5,p_4,p_3,p_2,p_1,hoje,f_1,f_2,f_3,f_4,f_5,f_6,f_7,f_8
2026-01-27 22:19:00,0.34967049956321716,0.35456645488739014,0.35516566038131714,0.361105740070343,0.35960710048675537,0.3608614206314087,0.36070722341537476,0.3599608838558197,0.3599218428134918,0.3604073226451874,0.3605804443359375,0.361563503742218,0.3610488772392273,0.36103811860084534,0.35941651463508606
