data_hoje,p_6,p_5,p_4,p_3,p_2,p_1,hoje,f_1,f_2,f_3,f_4,f_5,f_6,f_7,f_8
2026-01-26 17:27:00,0.3504279851913452,0.3656969964504242,0.35889700055122375,0.3600989878177643,0.3581629991531372,0.33870500326156616,0.35173264145851135,0.3493719696998596,0.34893518686294556,0.3484126925468445,0.3478528559207916,0.35045406222343445,0.35091984272003174,0.35113459825515747,0.3536791205406189
