data_hoje,p_6,p_5,p_4,p_3,p_2,p_1,hoje,f_1,f_2,f_3,f_4,f_5,f_6,f_7,f_8
2026-01-26 19:00:00,0.3504279851913452,0.3656969964504242,0.35889700055122375,0.3600989878177643,0.3581629991531372,0.33870500326156616,0.35305270552635193,0.3495798110961914,0.3535397946834564,0.35132288932800293,0.35178476572036743,0.3499181270599365,0.3499939739704132,0.3497301936149597,0.35066717863082886
