data_hoje,p_6,p_5,p_4,p_3,p_2,p_1,hoje,f_1,f_2,f_3,f_4,f_5,f_6,f_7,f_8
2026-01-26 17:29:00,0.3685019910335541,0.39375799894332886,0.40189000964164734,0.385904997587204,0.39667001366615295,0.35889700055122375,0.35151103138923645,0.35006552934646606,0.3478316366672516,0.34596431255340576,0.347666472196579,0.34770846366882324,0.35270780324935913,0.36324185132980347,0.36048322916030884
