data_hoje,p_6,p_5,p_4,p_3,p_2,p_1,hoje,f_1,f_2,f_3,f_4,f_5,f_6,f_7,f_8
2026-01-26 17:28:00,0.11426900327205658,0.11748600006103516,0.11845000088214874,0.12003999948501587,0.11838000267744064,0.11452499777078629,0.12209684401750565,0.12361356616020203,0.12352440506219864,0.1222211942076683,0.12078586220741272,0.1212761402130127,0.12013678252696991,0.12013393640518188,0.12122693657875061
