data_hoje,p_6,p_5,p_4,p_3,p_2,p_1,hoje,f_1,f_2,f_3,f_4,f_5,f_6,f_7,f_8
2026-01-26 17:30:00,0.11979100108146667,0.12733300030231476,0.13618700206279755,0.12894000113010406,0.13136300444602966,0.11845000088214874,0.12202052026987076,0.12318667769432068,0.12316884100437164,0.12176910787820816,0.12101941555738449,0.12305191904306412,0.12308143079280853,0.12355350703001022,0.12423977255821228
