data_hoje,p_6,p_5,p_4,p_3,p_2,p_1,hoje,f_1,f_2,f_3,f_4,f_5,f_6,f_7,f_8
2026-01-26 19:00:00,0.11426900327205658,0.11748600006103516,0.11845000088214874,0.12003999948501587,0.11838000267744064,0.11452499777078629,0.12259914726018906,0.12175951898097992,0.12170859426259995,0.12226622551679611,0.12379453331232071,0.12316545844078064,0.12197118252515793,0.12178821116685867,0.12205958366394043
