data_hoje,dia_1,dia_2,dia_3,dia_4,dia_5,dia_6,hoje,futuro_1,futuro_2,futuro_3,futuro_4,futuro_5,futuro_6,futuro_7,futuro_8
2026-01-26 15:57:00,0.11426900327205658,0.11748600006103516,0.11845000088214874,0.12003999948501587,0.11838000267744064,0.11452499777078629,0.12372943013906479,0.1230023056268692,0.12373273819684982,0.12333956360816956,0.12324897199869156,0.12451520562171936,0.1245383769273758,0.12277974933385849,0.12211145460605621
