data_hoje,p_6,p_5,p_4,p_3,p_2,p_1,hoje,f_1,f_2,f_3,f_4,f_5,f_6,f_7,f_8
2026-01-26 17:31:14,210.77999877929688,198.11000061035156,214.9499969482422,214.35000610351562,231.8300018310547,249.8000030517578,253.3699951171875,253.12228393554688,249.87413024902344,247.1935577392578,248.3658447265625,250.88272094726562,257.7747802734375,253.63482666015625,257.9242248535156
