data_hoje,p_6,p_5,p_4,p_3,p_2,p_1,hoje,f_1,f_2,f_3,f_4,f_5,f_6,f_7,f_8
2026-01-27 21:00:00,252.3448028564453,252.5399932861328,250.75,251.08999633789062,251.6300048828125,252.0399932861328,252.02999877929688,251.8955841064453,252.01840209960938,252.18865966796875,251.97946166992188,252.0846710205078,252.31521606445312,252.34420776367188,252.1838836669922
