data_hoje,p_6,p_5,p_4,p_3,p_2,p_1,hoje,f_1,f_2,f_3,f_4,f_5,f_6,f_7,f_8
2026-01-26 19:02:13,227.9199981689453,231.8300018310547,231.9199981689453,249.8000030517578,253.72999572753906,259.67999267578125,253.1999969482422,256.1446533203125,255.91567993164062,252.9836883544922,252.67694091796875,250.6515350341797,250.53240966796875,253.1570587158203,253.2627716064453
