data_hoje,p_6,p_5,p_4,p_3,p_2,p_1,hoje,f_1,f_2,f_3,f_4,f_5,f_6,f_7,f_8
2026-01-26 17:28:31,227.9199981689453,231.8300018310547,231.9199981689453,249.8000030517578,253.72999572753906,259.67999267578125,253.47500610351562,254.2158660888672,254.24075317382812,255.01039123535156,252.7406768798828,251.41705322265625,251.32888793945312,250.08827209472656,251.84225463867188
