data_hoje,p_6,p_5,p_4,p_3,p_2,p_1,hoje,f_1,f_2,f_3,f_4,f_5,f_6,f_7,f_8
2026-01-26 17:12:32,4.75,4.699999809265137,4.650000095367432,4.760000228881836,5.010000228881836,5.179999828338623,5.320000171661377,5.315460681915283,5.2892680168151855,5.316725254058838,5.369739055633545,5.310238361358643,5.266569137573242,5.279870986938477,5.3052659034729
