data_hoje,p_6,p_5,p_4,p_3,p_2,p_1,hoje,f_1,f_2,f_3,f_4,f_5,f_6,f_7,f_8
2026-01-26 21:06:00,4.75,4.699999809265137,4.650000095367432,4.760000228881836,5.010000228881836,5.179999828338623,5.369999885559082,5.368528366088867,5.400259971618652,5.393775939941406,5.323998928070068,5.284663677215576,5.272915840148926,5.386369228363037,5.422156810760498
