data_hoje,dia_1,dia_2,dia_3,dia_4,dia_5,dia_6,hoje,futuro_1,futuro_2,futuro_3,futuro_4,futuro_5,futuro_6,futuro_7,futuro_8
2026-01-26 13:53:35,4.75,4.699999809265137,4.650000095367432,4.760000228881836,5.010000228881836,5.179999828338623,5.159999847412109,5.198761940002441,5.164139747619629,5.154262065887451,5.1982102394104,5.153057098388672,5.10020112991333,5.143063545227051,5.13961935043335
