data_hoje,p_6,p_5,p_4,p_3,p_2,p_1,hoje,f_1,f_2,f_3,f_4,f_5,f_6,f_7,f_8
2026-01-26 17:16:08,5.329999923706055,5.360000133514404,5.019999980926514,4.949999809265137,4.980000019073486,5.010000228881836,5.320000171661377,5.302239894866943,5.303650856018066,5.301044940948486,5.274524688720703,5.331516742706299,5.369472503662109,5.397571563720703,5.331892490386963
