data_hoje,p_6,p_5,p_4,p_3,p_2,p_1,hoje,f_1,f_2,f_3,f_4,f_5,f_6,f_7,f_8
2026-01-26 21:06:00,5.329999923706055,5.360000133514404,5.019999980926514,4.949999809265137,4.980000019073486,5.010000228881836,5.369999885559082,5.332688808441162,5.453828811645508,5.396227836608887,5.317820072174072,5.266282558441162,5.394400596618652,5.374709129333496,5.306562900543213
