data_hoje,p_6,p_5,p_4,p_3,p_2,p_1,hoje,f_1,f_2,f_3,f_4,f_5,f_6,f_7,f_8
2026-01-26 17:28:28,238.17999267578125,239.1199951171875,231.0,231.30999755859375,234.33999633789062,239.16000366210938,239.64999389648438,240.49169921875,240.46307373046875,240.1604766845703,239.81053161621094,240.27261352539062,239.01144409179688,239.02960205078125,238.9967803955078
