data_hoje,p_6,p_5,p_4,p_3,p_2,p_1,hoje,f_1,f_2,f_3,f_4,f_5,f_6,f_7,f_8
2026-01-26 19:02:22,238.17999267578125,239.1199951171875,231.0,231.30999755859375,234.33999633789062,239.16000366210938,239.13499450683594,238.78456115722656,239.5391082763672,240.08363342285156,238.24917602539062,238.8437957763672,237.64869689941406,237.79612731933594,239.24530029296875
