data_hoje,p_6,p_5,p_4,p_3,p_2,p_1,hoje,f_1,f_2,f_3,f_4,f_5,f_6,f_7,f_8
2026-01-26 17:31:14,226.19000244140625,221.2700042724609,228.42999267578125,240.92999267578125,239.1199951171875,231.3099975585937,239.5500030517578,240.28274536132807,240.9940795898437,239.0956268310547,238.92202758789065,237.947982788086,238.9437255859375,236.73907470703125,232.76776123046875
