data_hoje,p_6,p_5,p_4,p_3,p_2,p_1,hoje,f_1,f_2,f_3,f_4,f_5,f_6,f_7,f_8
2026-01-27 21:00:00,241.77000427246094,242.35000610351562,243.0800018310547,243.8249969482422,244.02999877929688,244.6699981689453,244.67999267578125,244.59486389160156,244.47216796875,244.62841796875,244.6139373779297,244.785400390625,244.58602905273438,244.7288055419922,244.87957763671875
