data_hoje,p_6,p_5,p_4,p_3,p_2,p_1,hoje,f_1,f_2,f_3,f_4,f_5,f_6,f_7,f_8
2026-01-26 21:00:01,238.17999267578125,239.1199951171875,231.0,231.30999755859372,234.33999633789065,239.16000366210935,238.4199981689453,236.91067504882807,236.43069458007807,235.3352813720703,235.9537811279297,235.9638671875,237.3710479736328,238.4842834472656,239.2498779296875
