data_hoje,p_6,p_5,p_4,p_3,p_2,p_1,hoje,f_1,f_2,f_3,f_4,f_5,f_6,f_7,f_8
2026-01-26 17:30:00,0.0011749999830499291,0.0008989999769255519,0.0008989999769255519,0.0008989999769255519,0.0008989999769255519,0.0008989999769255519,0.0008992253569886088,0.0008673148695379496,0.0008668579976074398,0.0008710263064131141,0.0008917279774323106,0.0009362957207486033,0.0009661178337410092,0.0009989375248551369,0.0010381770553067327
