data_hoje,p_6,p_5,p_4,p_3,p_2,p_1,hoje,f_1,f_2,f_3,f_4,f_5,f_6,f_7,f_8
2026-01-26 17:28:00,0.0008989999769255519,0.0008989999769255519,0.0008989999769255519,0.0008989999769255519,0.0008989999769255519,0.0008989999769255519,0.0008992253569886088,0.0008992383955046535,0.0008992161019705236,0.0008992304210551083,0.0008992126095108688,0.0008991991053335369,0.0008991971844807267,0.000899219885468483,0.0008992496295832098
