data_hoje,p_6,p_5,p_4,p_3,p_2,p_1,hoje,f_1,f_2,f_3,f_4,f_5,f_6,f_7,f_8
2026-01-26 19:01:00,0.0008989999769255519,0.0008989999769255519,0.0008989999769255519,0.0008989999769255519,0.0008989999769255519,0.0008989999769255519,0.0008992253569886088,0.000899198988918215,0.0008992078946903348,0.0008991936920210719,0.0008992197108455002,0.0008992165676318109,0.0008992328657768667,0.0008992384537123144,0.0008992477087303996
