data_hoje,p_6,p_5,p_4,p_3,p_2,p_1,hoje,f_1,f_2,f_3,f_4,f_5,f_6,f_7,f_8
2026-01-27 20:00:00,8.720000267028809,8.640000343322754,8.619999885559082,8.649999618530273,8.670000076293945,8.699999809265137,8.680000305175781,8.679165840148926,8.680785179138184,8.68427562713623,8.688543319702148,8.697254180908203,8.690878868103027,8.700679779052734,8.686664581298828
