data_hoje,p_6,p_5,p_4,p_3,p_2,p_1,hoje,f_1,f_2,f_3,f_4,f_5,f_6,f_7,f_8
2026-01-26 21:10:00,7.199999809265137,7.21999979019165,7.28000020980835,7.309999942779541,7.360000133514404,8.0,8.229999542236328,8.081059455871582,8.151665687561035,8.151028633117676,8.084579467773438,8.238572120666504,8.19989013671875,8.267451286315918,8.236213684082031
