data_hoje,p_6,p_5,p_4,p_3,p_2,p_1,hoje,f_1,f_2,f_3,f_4,f_5,f_6,f_7,f_8
2026-01-26 19:00:00,2.2925779819488525,2.3788468837738037,2.3303210735321045,2.3646700382232666,2.3299379348754883,2.2353320121765137,2.239149570465088,2.2489120960235596,2.2421875,2.2348668575286865,2.24653959274292,2.266752004623413,2.2545700073242188,2.2424793243408203,2.2501790523529053
