data_hoje,p_6,p_5,p_4,p_3,p_2,p_1,hoje,f_1,f_2,f_3,f_4,f_5,f_6,f_7,f_8
2026-01-26 17:27:00,2.2925779819488525,2.3788468837738037,2.3303210735321045,2.3646700382232666,2.3299379348754883,2.2353320121765137,2.22521710395813,2.232985258102417,2.2242259979248047,2.243304491043091,2.2402572631835938,2.225452184677124,2.206050157546997,2.222191095352173,2.245532274246216
