data_hoje,dia_1,dia_2,dia_3,dia_4,dia_5,dia_6,hoje,futuro_1,futuro_2,futuro_3,futuro_4,futuro_5,futuro_6,futuro_7,futuro_8
2026-01-26 14:07:00,2.2925779819488525,2.3788468837738037,2.3303210735321045,2.3646700382232666,2.3299379348754883,2.2353320121765137,2.2812979221343994,2.270599126815796,2.2850522994995117,2.281177520751953,2.278261423110962,2.2837278842926025,2.2885634899139404,2.2915284633636475,2.288405656814575
