data_hoje,p_6,p_5,p_4,p_3,p_2,p_1,hoje,f_1,f_2,f_3,f_4,f_5,f_6,f_7,f_8
2026-01-26 17:29:00,2.073132038116455,2.164829969406128,2.4318079948425293,2.47939395904541,2.5657830238342285,2.3303210735321045,2.2193078994750977,2.2095625400543213,2.146230697631836,2.1416637897491455,2.2024173736572266,2.227433919906616,2.1908793449401855,2.1294617652893066,2.1574790477752686
