data_hoje,p_6,p_5,p_4,p_3,p_2,p_1,hoje,f_1,f_2,f_3,f_4,f_5,f_6,f_7,f_8
2026-01-26 19:01:53,0.6704210042953491,0.6687598824501038,0.6709878444671631,0.6731699109077454,0.6754794120788574,0.6840506792068481,0.6932889819145203,0.6951838135719299,0.6955862045288086,0.6944383382797241,0.6928876042366028,0.6907889246940613,0.6903901696205139,0.6906563639640808,0.6920527815818787
