data_hoje,dia_1,dia_2,dia_3,dia_4,dia_5,dia_6,hoje,futuro_1,futuro_2,futuro_3,futuro_4,futuro_5,futuro_6,futuro_7,futuro_8
2026-01-26 15:55:53,0.6704210042953491,0.6687598824501038,0.6709878444671631,0.6731699109077454,0.6754794120788574,0.6840506792068481,0.6940106749534607,0.697401762008667,0.6967588663101196,0.6965267658233643,0.6945321559906006,0.6937189102172852,0.6894986629486084,0.6884955763816833,0.6886237263679504
