data_hoje,p_6,p_5,p_4,p_3,p_2,p_1,hoje,f_1,f_2,f_3,f_4,f_5,f_6,f_7,f_8
2026-01-27 22:17:52,0.69808030128479,0.6979827880859375,0.6981777548789978,0.7009673714637756,0.7014589905738831,0.7012130618095398,0.7012130618095398,0.7010490298271179,0.7010954022407532,0.7015743255615234,0.7010558843612671,0.7012990117073059,0.7010969519615173,0.7005927562713623,0.7004562616348267
