data_hoje,p_6,p_5,p_4,p_3,p_2,p_1,hoje,f_1,f_2,f_3,f_4,f_5,f_6,f_7,f_8
2026-01-26 17:27:50,0.6704210042953491,0.6687598824501038,0.6709878444671631,0.6731699109077454,0.6754794120788574,0.6840506792068481,0.6937699317932129,0.6971334218978882,0.6964974403381348,0.69626784324646,0.6942947506904602,0.6934902667999268,0.6893155574798584,0.6883233189582825,0.6884500980377197
