data_hoje,dia_1,dia_2,dia_3,dia_4,dia_5,dia_6,hoje,futuro_1,futuro_2,futuro_3,futuro_4,futuro_5,futuro_6,futuro_7,futuro_8
2026-01-26 15:56:00,12.084134101867676,12.402188301086426,12.174766540527344,12.118390083312988,12.03725814819336,11.484868049621582,11.751601219177246,11.794661521911621,11.759330749511719,11.714492797851562,11.748420715332031,11.682092666625977,11.797272682189941,11.83807373046875,11.794628143310547
