data_hoje,p_6,p_5,p_4,p_3,p_2,p_1,hoje,f_1,f_2,f_3,f_4,f_5,f_6,f_7,f_8
2026-01-26 17:29:00,12.636359214782715,13.79994010925293,14.109505653381348,13.501553535461426,13.733805656433105,12.174766540527344,11.664108276367188,11.907012939453125,12.05378532409668,11.971303939819336,11.645487785339355,11.717947006225586,11.653783798217773,11.673686027526855,11.164814949035645
