data_hoje,p_6,p_5,p_4,p_3,p_2,p_1,hoje,f_1,f_2,f_3,f_4,f_5,f_6,f_7,f_8
2026-01-26 19:00:00,12.084134101867676,12.402188301086426,12.174766540527344,12.118390083312988,12.03725814819336,11.484868049621582,11.742012023925781,11.725629806518555,11.791727066040039,11.760483741760254,11.78104305267334,11.70191764831543,11.664593696594238,11.724966049194336,11.736268043518066
