data_hoje,p_6,p_5,p_4,p_3,p_2,p_1,hoje,f_1,f_2,f_3,f_4,f_5,f_6,f_7,f_8
2026-01-26 17:27:00,12.084134101867676,12.402188301086426,12.174766540527344,12.118390083312988,12.03725814819336,11.484868049621582,11.683625221252441,11.688411712646484,11.588106155395508,11.615011215209961,11.73440170288086,11.637892723083496,11.694547653198242,11.754133224487305,11.780231475830078
