data_hoje,p_6,p_5,p_4,p_3,p_2,p_1,hoje,f_1,f_2,f_3,f_4,f_5,f_6,f_7,f_8
2026-01-26 13:00:00,15.239999771118164,15.100000381469727,14.670000076293945,15.5,15.619999885559082,15.819999694824219,15.680000305175781,15.78800106048584,15.756680488586426,15.813323974609375,15.683634757995605,15.629742622375488,15.497279167175293,15.553630828857422,15.575578689575195
