data_hoje,p_6,p_5,p_4,p_3,p_2,p_1,hoje,f_1,f_2,f_3,f_4,f_5,f_6,f_7,f_8
2026-01-26 21:07:30,13.300000190734863,13.529999732971191,13.430000305175781,14.279999732971191,14.489999771118164,15.619999885559082,15.680000305175781,15.401809692382812,15.819130897521973,15.787322998046875,15.603340148925781,15.652555465698242,15.374579429626465,15.588053703308105,15.756807327270508
