data_hoje,p_6,p_5,p_4,p_3,p_2,p_1,hoje,f_1,f_2,f_3,f_4,f_5,f_6,f_7,f_8
2026-01-27 20:00:00,16.100000381469727,16.030000686645508,16.170000076293945,16.100000381469727,16.170000076293945,16.149999618530273,16.15999984741211,16.16309356689453,16.170692443847656,16.166973114013672,16.160293579101562,16.12978172302246,16.107847213745117,16.07485580444336,16.07160758972168
