data_hoje,p_6,p_5,p_4,p_3,p_2,p_1,hoje,f_1,f_2,f_3,f_4,f_5,f_6,f_7,f_8
2026-01-26 18:47:35,21.3700008392334,21.309999465942383,21.540000915527344,22.399999618530273,23.450000762939453,24.280000686645508,24.229999542236328,24.091339111328125,24.165369033813477,24.167030334472656,24.328468322753906,24.06511878967285,24.226226806640625,24.257221221923828,24.280622482299805
