data_hoje,dia_1,dia_2,dia_3,dia_4,dia_5,dia_6,hoje,futuro_1,futuro_2,futuro_3,futuro_4,futuro_5,futuro_6,futuro_7,futuro_8
2026-01-26 13:53:50,21.3700008392334,21.309999465942383,21.540000915527344,22.399999618530273,23.450000762939453,24.280000686645508,24.06999969482422,23.994251251220703,23.978994369506836,23.825613021850586,24.111173629760742,24.02232551574707,23.88188934326172,24.28704261779785,24.082639694213867
