data_hoje,p_6,p_5,p_4,p_3,p_2,p_1,hoje,f_1,f_2,f_3,f_4,f_5,f_6,f_7,f_8
2026-01-26 21:07:39,21.59000015258789,21.75,21.68000030517578,21.700000762939453,21.8700008392334,23.450000762939453,24.399999618530273,24.21575355529785,24.526493072509766,24.312564849853516,24.545442581176758,24.37080955505371,24.02642250061035,24.209884643554688,24.38113021850586
