data_hoje,p_6,p_5,p_4,p_3,p_2,p_1,hoje,f_1,f_2,f_3,f_4,f_5,f_6,f_7,f_8
2026-01-27 20:00:00,25.010000228881836,24.969999313354492,25.049999237060547,24.719999313354492,24.670000076293945,24.729999542236328,24.690000534057617,24.716655731201172,24.71623420715332,24.731033325195312,24.662282943725586,24.713489532470703,24.725759506225586,24.70320701599121,24.659976959228516
