data_hoje,p_6,p_5,p_4,p_3,p_2,p_1,hoje,f_1,f_2,f_3,f_4,f_5,f_6,f_7,f_8
2026-01-26 17:13:35,21.3700008392334,21.309999465942383,21.540000915527344,22.399999618530273,23.450000762939453,24.280000686645508,24.170000076293945,24.034610748291016,23.96663475036621,23.697099685668945,24.0792179107666,24.36631965637207,24.480234146118164,24.25996971130371,24.15358543395996
