data_hoje,p_6,p_5,p_4,p_3,p_2,p_1,hoje,f_1,f_2,f_3,f_4,f_5,f_6,f_7,f_8
2026-01-26 21:07:39,21.3700008392334,21.309999465942383,21.540000915527344,22.399999618530273,23.450000762939453,24.280000686645508,24.399999618530273,24.127965927124023,24.253433227539062,24.334821701049805,24.48154640197754,24.435964584350586,24.537925720214844,24.296762466430664,24.144393920898438
