data_hoje,p_6,p_5,p_4,p_3,p_2,p_1,hoje,f_1,f_2,f_3,f_4,f_5,f_6,f_7,f_8
2026-01-26 18:47:32,18.90999984741211,18.899999618530273,19.170000076293945,19.760000228881836,20.299999237060547,20.790000915527344,20.770000457763672,20.74748420715332,20.88106918334961,20.817996978759766,20.731948852539062,20.740915298461914,20.58007049560547,20.660503387451172,20.717660903930664
