data_hoje,p_6,p_5,p_4,p_3,p_2,p_1,hoje,f_1,f_2,f_3,f_4,f_5,f_6,f_7,f_8
2026-01-27 20:00:00,21.510000228881836,21.579999923706055,21.59000015258789,21.40999984741211,21.459999084472656,21.440000534057617,21.43000030517578,21.41874122619629,21.459962844848633,21.448049545288086,21.452062606811523,21.463199615478516,21.482574462890625,21.47861099243164,21.430130004882812
