data_hoje,dia_1,dia_2,dia_3,dia_4,dia_5,dia_6,hoje,futuro_1,futuro_2,futuro_3,futuro_4,futuro_5,futuro_6,futuro_7,futuro_8
2026-01-26 15:43:04,18.90999984741211,18.899999618530273,19.170000076293945,19.760000228881836,20.299999237060547,20.790000915527344,20.700000762939453,20.514774322509766,20.53789520263672,20.668521881103516,20.65157699584961,20.637481689453125,20.609495162963867,20.79907989501953,20.73641014099121
