data_hoje,p_6,p_5,p_4,p_3,p_2,p_1,hoje,f_1,f_2,f_3,f_4,f_5,f_6,f_7,f_8
2026-01-26 17:13:32,18.90999984741211,18.899999618530273,19.170000076293945,19.760000228881836,20.299999237060547,20.790000915527344,20.780000686645508,20.468507766723633,20.71552085876465,20.6179141998291,20.796268463134766,20.830284118652344,20.67136001586914,20.877599716186523,20.886816024780273
