data_hoje,p_6,p_5,p_4,p_3,p_2,p_1,hoje,f_1,f_2,f_3,f_4,f_5,f_6,f_7,f_8
2026-01-26 21:07:43,18.329999923706055,18.40999984741211,18.219999313354492,18.84000015258789,18.399999618530273,20.299999237060547,20.8799991607666,20.896089553833008,20.828876495361328,20.771507263183594,20.818449020385742,20.644384384155273,20.669086456298828,20.77015495300293,21.139938354492188
