data_hoje,p_6,p_5,p_4,p_3,p_2,p_1,hoje,f_1,f_2,f_3,f_4,f_5,f_6,f_7,f_8
2026-01-26 17:16:14,18.329999923706055,18.40999984741211,18.219999313354492,18.84000015258789,18.399999618530273,20.299999237060547,20.770000457763672,20.515296936035156,20.76690101623535,20.414403915405273,20.462339401245117,20.67438316345215,20.877702713012695,20.765954971313477,21.109590530395508
