data_hoje,dia_1,dia_2,dia_3,dia_4,dia_5,dia_6,hoje,futuro_1,futuro_2,futuro_3,futuro_4,futuro_5,futuro_6,futuro_7,futuro_8
2026-01-26 14:07:00,572.51611328125,584.4027099609375,598.749755859375,594.8587646484375,593.4496459960938,571.1719970703125,577.783203125,578.7427368164062,578.6477661132812,574.5599975585938,575.8314208984375,579.986328125,581.3265380859375,581.6258544921875,578.0398559570312
