data_hoje,p_6,p_5,p_4,p_3,p_2,p_1,hoje,f_1,f_2,f_3,f_4,f_5,f_6,f_7,f_8
2026-01-26 17:29:00,621.391357421875,608.3951416015625,629.0650024414062,621.342529296875,593.8223876953125,598.749755859375,575.8804931640625,579.4548950195312,571.31396484375,575.588134765625,578.0968017578125,575.6543579101562,583.125732421875,581.172119140625,587.201416015625
