data_hoje,p_6,p_5,p_4,p_3,p_2,p_1,hoje,f_1,f_2,f_3,f_4,f_5,f_6,f_7,f_8
2026-01-26 17:27:00,572.51611328125,584.4027099609375,598.749755859375,594.8587646484375,593.4496459960938,571.1719970703125,576.0769653320312,577.5882568359375,576.83251953125,577.0381469726562,578.0830688476562,573.0859985351562,576.1084594726562,580.7988891601562,578.0265502929688
