data_hoje,p_6,p_5,p_4,p_3,p_2,p_1,hoje,f_1,f_2,f_3,f_4,f_5,f_6,f_7,f_8
2026-01-26 13:00:00,54.400001525878906,54.81999969482422,55.099998474121094,57.72999954223633,58.310001373291016,59.09000015258789,60.22999954223633,60.26687240600586,59.669307708740234,59.56574630737305,59.73592758178711,59.91143798828125,60.5416259765625,60.71391677856445,60.839229583740234
