data_hoje,p_6,p_5,p_4,p_3,p_2,p_1,hoje,f_1,f_2,f_3,f_4,f_5,f_6,f_7,f_8
2026-01-27 20:00:00,60.939998626708984,60.880001068115234,61.0099983215332,61.22999954223633,61.560001373291016,61.58000183105469,61.70000076293945,61.709373474121094,61.667476654052734,61.628631591796875,61.589691162109375,61.69043731689453,61.79117202758789,61.70991897583008,61.70079040527344
