data_hoje,p_6,p_5,p_4,p_3,p_2,p_1,hoje,f_1,f_2,f_3,f_4,f_5,f_6,f_7,f_8
2026-01-26 13:00:00,8.220000267028809,8.220000267028809,8.199999809265137,8.489999771118164,8.630000114440918,9.550000190734863,9.609999656677246,9.614049911499023,9.49616527557373,9.542166709899902,9.570267677307129,9.698721885681152,9.643922805786133,9.619474411010742,9.645467758178711
