data_hoje,p_6,p_5,p_4,p_3,p_2,p_1,hoje,f_1,f_2,f_3,f_4,f_5,f_6,f_7,f_8
2026-01-27 20:00:00,10.180000305175781,9.930000305175781,9.859999656677246,9.819999694824219,9.880000114440918,9.880000114440918,9.949999809265137,9.965353965759277,9.956119537353516,9.970966339111328,9.969696998596191,9.974579811096191,10.010515213012695,10.048421859741211,10.046412467956543
