data_hoje,p_6,p_5,p_4,p_3,p_2,p_1,hoje,f_1,f_2,f_3,f_4,f_5,f_6,f_7,f_8
2026-01-26 21:07:37,7.320000171661377,7.53000020980835,7.75,7.760000228881836,8.25,8.630000114440918,9.609999656677246,9.60345458984375,9.540943145751953,9.484295845031738,9.459870338439941,9.487738609313965,9.542488098144531,9.626373291015625,9.76163387298584
