data_hoje,dia_1,dia_2,dia_3,dia_4,dia_5,dia_6,hoje,futuro_1,futuro_2,futuro_3,futuro_4,futuro_5,futuro_6,futuro_7,futuro_8
2026-01-26 14:07:00,88310.90625,89376.9609375,89462.453125,89503.875,89110.734375,86572.21875,87875.0625,88080.9140625,87890.1640625,87883.21875,87946.3984375,87672.6171875,87671.140625,87779.8984375,87718.09375
