data_hoje,p_6,p_5,p_4,p_3,p_2,p_1,hoje,f_1,f_2,f_3,f_4,f_5,f_6,f_7,f_8
2026-01-26 17:26:00,88310.90625,89376.9609375,89462.453125,89503.875,89110.734375,86572.21875,87338.4921875,87288.09375,87434.3125,87019.703125,87640.5390625,87444.5,87282.109375,87332.2578125,87511.1875
