data_hoje,p_6,p_5,p_4,p_3,p_2,p_1,hoje,f_1,f_2,f_3,f_4,f_5,f_6,f_7,f_8
2026-01-26 17:29:00,87835.8359375,89944.6953125,91308.0546875,91192.9921875,95099.921875,89462.453125,87422.8984375,86880.296875,87212.0234375,87015.5625,86988.734375,86685.5234375,87338.6640625,88143.703125,88649.3984375
