data_hoje,dia_1,dia_2,dia_3,dia_4,dia_5,dia_6,hoje,futuro_1,futuro_2,futuro_3,futuro_4,futuro_5,futuro_6,futuro_7,futuro_8
2026-01-26 14:08:38,0.720025360584259,0.7194554805755615,0.7207726240158081,0.7229090332984924,0.7223763465881348,0.7254735827445984,0.7300229072570801,0.7293918132781982,0.7294675707817078,0.7287254333496094,0.7293295860290527,0.7294716238975525,0.7303482890129089,0.7302287220954895,0.7302969694137573
