data_hoje,p_6,p_5,p_4,p_3,p_2,p_1,hoje,f_1,f_2,f_3,f_4,f_5,f_6,f_7,f_8
2026-01-26 17:28:29,0.720025360584259,0.7194554805755615,0.7207726240158081,0.7229090332984924,0.7223763465881348,0.7254735827445984,0.7294584512710571,0.7287226319313049,0.7296400666236877,0.7283133864402771,0.7283641695976257,0.7283567190170288,0.72945237159729,0.7296918034553528,0.7303871512413025
