data_hoje,p_6,p_5,p_4,p_3,p_2,p_1,hoje,f_1,f_2,f_3,f_4,f_5,f_6,f_7,f_8
2026-01-27 22:19:10,0.735418438911438,0.7347754240036011,0.7344948053359985,0.7363499402999878,0.7366428375244141,0.7370283007621765,0.7366156578063965,0.7365630865097046,0.7364757657051086,0.7368678450584412,0.7365171313285828,0.7363699674606323,0.736294150352478,0.7364629507064819,0.7368614077568054
