data_hoje,p_6,p_5,p_4,p_3,p_2,p_1,hoje,f_1,f_2,f_3,f_4,f_5,f_6,f_7,f_8
2026-01-27 20:00:00,11.649999618530273,11.630000114440918,11.630000114440918,11.5600004196167,11.529999732971191,11.579999923706055,11.630000114440918,11.62161636352539,11.61064338684082,11.628497123718262,11.63845443725586,11.631563186645508,11.621269226074219,11.618977546691895,11.618707656860352
