data_hoje,p_6,p_5,p_4,p_3,p_2,p_1,hoje,f_1,f_2,f_3,f_4,f_5,f_6,f_7,f_8
2026-01-26 21:07:43,10.970000267028809,11.149999618530273,11.15999984741211,11.0,10.899999618530273,11.470000267028809,11.420000076293945,11.455853462219238,11.491681098937988,11.446512222290039,11.336957931518555,11.29839038848877,11.239741325378418,11.297745704650879,11.333914756774902
