data_hoje,p_6,p_5,p_4,p_3,p_2,p_1,hoje,f_1,f_2,f_3,f_4,f_5,f_6,f_7,f_8
2026-01-26 13:00:00,10.770000457763672,10.789999961853027,10.859999656677246,11.15999984741211,11.470000267028809,11.710000038146973,11.420000076293945,11.419672966003418,11.429365158081055,11.402809143066406,11.464558601379395,11.474535942077637,11.467198371887207,11.49979305267334,11.524993896484375
