data_hoje,p_6,p_5,p_4,p_3,p_2,p_1,hoje,f_1,f_2,f_3,f_4,f_5,f_6,f_7,f_8
2026-01-26 17:16:19,3.2181808948516846,3.2909090518951416,3.130000114440918,3.5799999237060547,3.6500000953674316,4.349999904632568,4.440000057220459,4.466959476470947,4.408119201660156,4.308321475982666,4.246283531188965,4.370977878570557,4.4937238693237305,4.485933780670166,4.44069766998291
