data_hoje,dia_1,dia_2,dia_3,dia_4,dia_5,dia_6,hoje,futuro_1,futuro_2,futuro_3,futuro_4,futuro_5,futuro_6,futuro_7,futuro_8
2026-01-26 13:53:51,3.6700000762939453,3.5999999046325684,3.6500000953674316,4.050000190734863,4.349999904632568,4.409999847412109,4.389999866485596,4.427067756652832,4.385814189910889,4.342418670654297,4.313028335571289,4.359170436859131,4.340641975402832,4.427602291107178,4.289177894592285
