data_hoje,p_6,p_5,p_4,p_3,p_2,p_1,hoje,f_1,f_2,f_3,f_4,f_5,f_6,f_7,f_8
2026-01-26 18:47:39,3.6700000762939453,3.5999999046325684,3.6500000953674316,4.050000190734863,4.349999904632568,4.409999847412109,4.480000019073486,4.434686183929443,4.465164661407471,4.474520206451416,4.507700443267822,4.447411060333252,4.4663543701171875,4.462001800537109,4.402348518371582
