data_hoje,p_6,p_5,p_4,p_3,p_2,p_1,hoje,f_1,f_2,f_3,f_4,f_5,f_6,f_7,f_8
2026-01-26 21:06:00,3.670000076293945,3.5999999046325684,3.650000095367432,4.050000190734863,4.349999904632568,4.409999847412109,4.550000190734863,4.564062595367432,4.526515483856201,4.552481174468994,4.549252510070801,4.532715320587158,4.534605026245117,4.566837787628174,4.578333854675293
