data_hoje,p_6,p_5,p_4,p_3,p_2,p_1,hoje,f_1,f_2,f_3,f_4,f_5,f_6,f_7,f_8
2026-01-26 21:06:00,3.2181808948516846,3.2909090518951416,3.130000114440918,3.5799999237060547,3.6500000953674316,4.349999904632568,4.550000190734863,4.482503890991211,4.5217814445495605,4.545197486877441,4.603452682495117,4.548564910888672,4.526297092437744,4.483473777770996,4.370555400848389
