data_hoje,p_6,p_5,p_4,p_3,p_2,p_1,hoje,f_1,f_2,f_3,f_4,f_5,f_6,f_7,f_8
2026-01-26 13:00:00,45.25,45.0099983215332,45.5099983215332,46.88999938964844,48.220001220703125,49.040000915527344,50.119998931884766,50.21836853027344,50.133243560791016,50.00739669799805,50.3076171875,50.334049224853516,50.005401611328125,50.03902816772461,49.632381439208984
