data_hoje,p_6,p_5,p_4,p_3,p_2,p_1,hoje,f_1,f_2,f_3,f_4,f_5,f_6,f_7,f_8
2026-01-26 17:13:40,9.510000228881836,9.210000038146973,8.930000305175781,9.369999885559082,9.539999961853027,10.140000343322754,10.119999885559082,10.164144515991211,10.064781188964844,10.046813011169434,10.021673202514648,9.99985122680664,10.070022583007812,10.137808799743652,10.336564064025879
