data_hoje,p_6,p_5,p_4,p_3,p_2,p_1,hoje,f_1,f_2,f_3,f_4,f_5,f_6,f_7,f_8
2026-01-26 21:07:00,9.59000015258789,9.210000038146973,8.699999809265137,9.850000381469727,9.920000076293945,9.539999961853027,9.960000038146973,10.066821098327637,10.13583755493164,10.055072784423828,9.898946762084961,9.854715347290039,9.925487518310547,9.764405250549316,9.497475624084473
