data_hoje,dia_1,dia_2,dia_3,dia_4,dia_5,dia_6,hoje,futuro_1,futuro_2,futuro_3,futuro_4,futuro_5,futuro_6,futuro_7,futuro_8
2026-01-26 13:53:53,9.510000228881836,9.210000038146973,8.930000305175781,9.369999885559082,9.539999961853027,10.140000343322754,10.380000114440918,10.307069778442383,10.290152549743652,10.47990894317627,10.476729393005371,10.322566032409668,10.299123764038086,10.370087623596191,10.400485038757324
