data_hoje,p_6,p_5,p_4,p_3,p_2,p_1,hoje,f_1,f_2,f_3,f_4,f_5,f_6,f_7,f_8
2026-01-26 17:16:20,9.59000015258789,9.210000038146973,8.699999809265137,9.850000381469727,9.920000076293945,9.539999961853027,10.119999885559082,10.039563179016113,9.875799179077148,9.938225746154785,10.04075813293457,9.939238548278809,9.983095169067383,10.270821571350098,10.319650650024414
