data_hoje,p_6,p_5,p_4,p_3,p_2,p_1,hoje,f_1,f_2,f_3,f_4,f_5,f_6,f_7,f_8
2026-01-26 18:47:44,9.510000228881836,9.210000038146973,8.930000305175781,9.369999885559082,9.539999961853027,10.140000343322754,10.09000015258789,10.171039581298828,10.170294761657715,10.145636558532715,9.953691482543945,9.925769805908203,9.962383270263672,10.057548522949219,10.033967018127441
