data_hoje,p_6,p_5,p_4,p_3,p_2,p_1,hoje,f_1,f_2,f_3,f_4,f_5,f_6,f_7,f_8
2026-01-26 21:07:33,1.940000057220459,2.0299999713897705,2.200000047683716,2.2899999618530273,2.5899999141693115,2.380000114440918,2.509999990463257,2.5647330284118652,2.556431293487549,2.542154550552368,2.516310930252075,2.4660680294036865,2.442654848098755,2.4654541015625,2.4967997074127197
