data_hoje,dia_1,dia_2,dia_3,dia_4,dia_5,dia_6,hoje,futuro_1,futuro_2,futuro_3,futuro_4,futuro_5,futuro_6,futuro_7,futuro_8
2026-01-26 15:43:09,2.4100000858306885,2.509999990463257,2.390000104904175,2.4000000953674316,2.380000114440918,2.4200000762939453,2.3499999046325684,2.360173463821411,2.378589153289795,2.3690121173858643,2.388869524002075,2.3788046836853027,2.358621597290039,2.3496694564819336,2.3438310623168945
