data_hoje,p_6,p_5,p_4,p_3,p_2,p_1,hoje,f_1,f_2,f_3,f_4,f_5,f_6,f_7,f_8
2026-01-26 17:15:59,1.940000057220459,2.0299999713897705,2.200000047683716,2.2899999618530273,2.5899999141693115,2.380000114440918,2.369999885559082,2.3587820529937744,2.3865978717803955,2.370976686477661,2.4129128456115723,2.405226945877075,2.379711151123047,2.4048075675964355,2.3833117485046387
