data_hoje,p_6,p_5,p_4,p_3,p_2,p_1,hoje,f_1,f_2,f_3,f_4,f_5,f_6,f_7,f_8
2026-01-26 21:07:33,2.4100000858306885,2.509999990463257,2.390000104904175,2.400000095367432,2.380000114440918,2.4200000762939453,2.509999990463257,2.529224157333374,2.50478744506836,2.5232481956481934,2.5368285179138184,2.558354377746582,2.6133298873901367,2.6496801376342773,2.615283966064453
