data_hoje,p_6,p_5,p_4,p_3,p_2,p_1,hoje,f_1,f_2,f_3,f_4,f_5,f_6,f_7,f_8
2026-01-27 20:00:00,2.5899999141693115,2.630000114440918,2.700000047683716,2.6700000762939453,2.6500000953674316,2.630000114440918,2.6500000953674316,2.6471216678619385,2.635359764099121,2.6381874084472656,2.62668514251709,2.6555569171905518,2.6312642097473145,2.644753932952881,2.660928726196289
