data_hoje,p_6,p_5,p_4,p_3,p_2,p_1,hoje,f_1,f_2,f_3,f_4,f_5,f_6,f_7,f_8
2026-01-26 17:13:16,2.4100000858306885,2.509999990463257,2.390000104904175,2.4000000953674316,2.380000114440918,2.4200000762939453,2.369999885559082,2.349151134490967,2.369410514831543,2.410047769546509,2.388974666595459,2.401076555252075,2.4017534255981445,2.403961181640625,2.3757383823394775
