data_hoje,p_6,p_5,p_4,p_3,p_2,p_1,hoje,f_1,f_2,f_3,f_4,f_5,f_6,f_7,f_8
2026-01-26 13:00:00,24.700000762939453,24.6200008392334,25.360000610351562,26.489999771118164,26.899999618530273,28.020000457763672,28.059999465942383,27.904050827026367,27.84528350830078,27.93989372253418,27.935813903808594,28.212726593017578,28.097414016723633,27.947345733642578,27.9935245513916
