data_hoje,p_6,p_5,p_4,p_3,p_2,p_1,hoje,f_1,f_2,f_3,f_4,f_5,f_6,f_7,f_8
2026-01-27 20:00:00,29.100000381469727,29.479999542236328,29.739999771118164,29.56999969482422,29.84000015258789,29.8799991607666,29.790000915527344,29.76517105102539,29.800678253173828,29.767759323120117,29.764225006103516,29.790699005126953,29.799240112304688,29.76266098022461,29.76655387878418
