data_hoje,p_6,p_5,p_4,p_3,p_2,p_1,hoje,f_1,f_2,f_3,f_4,f_5,f_6,f_7,f_8
2026-01-26 13:00:00,12.729999542236328,13.069999694824219,13.050000190734863,13.460000038146973,13.729999542236328,13.779999732971191,13.65999984741211,13.57126522064209,13.444589614868164,13.527728080749512,13.696105003356934,13.857787132263184,13.864105224609375,13.88819694519043,14.181964874267578
