data_hoje,dia_1,dia_2,dia_3,dia_4,dia_5,dia_6,hoje,futuro_1,futuro_2,futuro_3,futuro_4,futuro_5,futuro_6,futuro_7,futuro_8
2026-01-26 15:56:00,1.8968919515609741,1.949450969696045,1.924347996711731,1.9242219924926758,1.9266730546951294,1.821653962135315,1.869132399559021,1.8701767921447754,1.8656972646713257,1.8708012104034424,1.870487093925476,1.860450029373169,1.8586498498916626,1.859186053276062,1.8785773515701294
