data_hoje,p_6,p_5,p_4,p_3,p_2,p_1,hoje,f_1,f_2,f_3,f_4,f_5,f_6,f_7,f_8
2026-01-26 17:27:00,1.8968919515609741,1.949450969696045,1.924347996711731,1.9242219924926758,1.9266730546951294,1.821653962135315,1.8629683256149292,1.8701428174972534,1.8667821884155273,1.8568575382232666,1.8632334470748901,1.8579896688461304,1.87187659740448,1.868796706199646,1.8635650873184204
