data_hoje,p_6,p_5,p_4,p_3,p_2,p_1,hoje,f_1,f_2,f_3,f_4,f_5,f_6,f_7,f_8
2026-01-27 22:18:00,1.8314241170883179,1.8612159490585327,1.8684468269348145,1.8894731998443604,1.871471881866455,1.8782330751419067,1.8781099319458008,1.8721368312835693,1.8756746053695679,1.874826192855835,1.8778419494628906,1.880929946899414,1.8822234869003296,1.879136323928833,1.8806570768356323
