data_hoje,p_6,p_5,p_4,p_3,p_2,p_1,hoje,f_1,f_2,f_3,f_4,f_5,f_6,f_7,f_8
2026-01-26 17:29:00,1.848762035369873,2.1611979007720947,2.143120050430298,2.0523300170898438,2.177090883255005,1.924347996711731,1.8593130111694336,1.8618677854537964,1.8361135721206665,1.8030343055725098,1.8256618976593018,1.8401111364364624,1.8327767848968506,1.9201257228851318,1.9120410680770874
