data_hoje,p_6,p_5,p_4,p_3,p_2,p_1,hoje,f_1,f_2,f_3,f_4,f_5,f_6,f_7,f_8
2026-01-26 19:00:00,1.8968919515609741,1.949450969696045,1.924347996711731,1.9242219924926758,1.9266730546951294,1.821653962135315,1.8750295639038086,1.8611457347869873,1.8553630113601685,1.8659037351608276,1.8767764568328857,1.8809773921966553,1.8730146884918213,1.880547046661377,1.8994354009628296
