data_hoje,p_6,p_5,p_4,p_3,p_2,p_1,hoje,f_1,f_2,f_3,f_4,f_5,f_6,f_7,f_8
2026-01-26 13:00:00,30.469999313354492,30.75,31.239999771118164,32.310001373291016,33.2400016784668,33.22999954223633,33.380001068115234,33.60470962524414,33.593605041503906,33.350746154785156,33.413238525390625,33.283809661865234,33.14955139160156,33.25899124145508,33.26868438720703
