data_hoje,p_6,p_5,p_4,p_3,p_2,p_1,hoje,f_1,f_2,f_3,f_4,f_5,f_6,f_7,f_8
2026-01-26 21:06:00,30.65999984741211,31.1200008392334,31.1299991607666,30.899999618530273,31.190000534057617,33.2400016784668,33.380001068115234,33.284366607666016,33.4224967956543,33.57472610473633,33.475650787353516,33.02681350708008,32.971797943115234,33.09849166870117,33.3300666809082
