data_hoje,dia_1,dia_2,dia_3,dia_4,dia_5,dia_6,hoje,futuro_1,futuro_2,futuro_3,futuro_4,futuro_5,futuro_6,futuro_7,futuro_8
2026-01-26 14:07:00,11.516645431518555,11.64867877960205,11.559103012084961,11.657367706298828,11.577178001403809,11.121826171875,11.35771656036377,11.315652847290039,11.332143783569336,11.351876258850098,11.411998748779297,11.321423530578613,11.355719566345215,11.376808166503906,11.307341575622559
