data_hoje,p_6,p_5,p_4,p_3,p_2,p_1,hoje,f_1,f_2,f_3,f_4,f_5,f_6,f_7,f_8
2026-01-26 17:29:00,12.179569244384766,12.503340721130371,12.870075225830078,12.248922348022461,12.847965240478516,11.559103012084961,11.324190139770508,11.603324890136719,11.604080200195312,11.377302169799805,11.197938919067383,11.230561256408691,11.368144035339355,11.408360481262207,11.507393836975098
