data_hoje,p_6,p_5,p_4,p_3,p_2,p_1,hoje,f_1,f_2,f_3,f_4,f_5,f_6,f_7,f_8
2026-01-26 19:00:00,11.516645431518555,11.64867877960205,11.559103012084961,11.657367706298828,11.577178001403809,11.121826171875,11.378911972045898,11.344189643859863,11.349019050598145,11.395206451416016,11.413492202758789,11.429752349853516,11.382305145263672,11.305685997009277,11.290430068969727
