data_hoje,dia_1,dia_2,dia_3,dia_4,dia_5,dia_6,hoje,futuro_1,futuro_2,futuro_3,futuro_4,futuro_5,futuro_6,futuro_7,futuro_8
2026-01-26 15:56:00,2935.605712890625,2978.901123046875,2949.63330078125,2953.25634765625,2948.74072265625,2815.90234375,2901.549560546875,2897.13818359375,2896.56005859375,2889.813720703125,2897.10302734375,2901.93505859375,2891.833984375,2903.106689453125,2905.273193359375
