data_hoje,p_6,p_5,p_4,p_3,p_2,p_1,hoje,f_1,f_2,f_3,f_4,f_5,f_6,f_7,f_8
2026-01-27 22:18:00,2924.962158203125,2977.87109375,2975.71630859375,3017.7705078125,3011.4140625,3009.54248046875,3006.510498046875,3012.0595703125,3020.556640625,3015.81689453125,3007.93115234375,2998.343505859375,2985.69775390625,2986.765869140625,2974.564453125
