data_hoje,p_6,p_5,p_4,p_3,p_2,p_1,hoje,f_1,f_2,f_3,f_4,f_5,f_6,f_7,f_8
2026-01-26 17:26:00,2935.605712890625,2978.901123046875,2949.63330078125,2953.25634765625,2948.74072265625,2815.90234375,2893.906005859375,2893.90185546875,2889.325439453125,2875.47412109375,2885.714599609375,2873.5107421875,2896.16943359375,2899.679443359375,2887.44140625
