data_hoje,dia_1,dia_2,dia_3,dia_4,dia_5,dia_6,hoje,futuro_1,futuro_2,futuro_3,futuro_4,futuro_5,futuro_6,futuro_7,futuro_8
2026-01-26 14:05:52,6.226650238037109,6.216000080108643,6.242197036743164,6.297228813171387,6.203474044799805,6.203474044799805,6.263299942016602,6.263096332550049,6.255463123321533,6.262385368347168,6.261882781982422,6.273221015930176,6.2789740562438965,6.272487163543701,6.243283271789551
