data_hoje,p_6,p_5,p_4,p_3,p_2,p_1,hoje,f_1,f_2,f_3,f_4,f_5,f_6,f_7,f_8
2026-01-26 17:25:50,6.226650238037109,6.216000080108643,6.242197036743164,6.297228813171387,6.203474044799805,6.203474044799805,6.26609992980957,6.262204647064209,6.253851413726807,6.261669635772705,6.26343297958374,6.279326438903809,6.2912750244140625,6.272152900695801,6.259069442749023
