data_hoje,p_6,p_5,p_4,p_3,p_2,p_1,hoje,f_1,f_2,f_3,f_4,f_5,f_6,f_7,f_8
2026-01-27 22:18:52,1.1983222961425781,1.1983222961425781,1.1980352401733398,1.203659176826477,1.2043839693069458,1.2026457786560059,1.2026457786560059,1.2023451328277588,1.2025898694992065,1.2020881175994873,1.202008843421936,1.2016836404800415,1.2023316621780396,1.2026029825210571,1.2025729417800903
