data_hoje,p_6,p_5,p_4,p_3,p_2,p_1,hoje,f_1,f_2,f_3,f_4,f_5,f_6,f_7,f_8
2026-01-27 22:15:52,6.24399995803833,6.242700099945068,6.241499900817871,6.231500148773193,6.248799800872803,6.237299919128418,6.235799789428711,6.237931728363037,6.236029148101807,6.2353291511535645,6.233328819274902,6.235076427459717,6.2372612953186035,6.23834228515625,6.237918853759766
