data_hoje,dia_1,dia_2,dia_3,dia_4,dia_5,dia_6,hoje,futuro_1,futuro_2,futuro_3,futuro_4,futuro_5,futuro_6,futuro_7,futuro_8
2026-01-26 15:56:53,1.1609008312225342,1.162493348121643,1.1639139652252197,1.1727865934371948,1.1672970056533813,1.1754610538482666,1.1897679567337036,1.187751293182373,1.1914557218551636,1.187800407409668,1.1877835988998413,1.1914830207824707,1.1890537738800049,1.1884620189666748,1.1909242868423462
