data_hoje,p_6,p_5,p_4,p_3,p_2,p_1,hoje,f_1,f_2,f_3,f_4,f_5,f_6,f_7,f_8
2026-01-26 23:55:54,6.226650238037109,6.216000080108643,6.242197036743164,6.297228813171387,6.203474044799805,6.203474044799805,6.271299839019775,6.2703633308410645,6.266331672668457,6.270858287811279,6.278097152709961,6.288014888763428,6.282993316650391,6.296281337738037,6.324517726898193
