data_hoje,p_6,p_5,p_4,p_3,p_2,p_1,hoje,f_1,f_2,f_3,f_4,f_5,f_6,f_7,f_8
2026-01-26 17:27:50,1.1609008312225342,1.162493348121643,1.1639139652252197,1.1727865934371948,1.1672970056533813,1.1754610538482666,1.1887779235839844,1.184701919555664,1.1880319118499756,1.1884082555770874,1.1883283853530884,1.1883591413497925,1.1880381107330322,1.1886707544326782,1.188556432723999
