data_hoje,p_6,p_5,p_4,p_3,p_2,p_1,hoje,f_1,f_2,f_3,f_4,f_5,f_6,f_7,f_8
2026-01-26 19:01:53,1.1609008312225342,1.162493348121643,1.1639139652252197,1.1727865934371948,1.1672970056533813,1.1754610538482666,1.1880717277526855,1.1895068883895874,1.1880909204483032,1.1861492395401,1.1860390901565552,1.1884760856628418,1.1879246234893799,1.1881887912750244,1.1865673065185547
