data_hoje,p_6,p_5,p_4,p_3,p_2,p_1,hoje,f_1,f_2,f_3,f_4,f_5,f_6,f_7,f_8
2026-01-26 13:00:00,14.039999961853027,13.710000038146973,13.850000381469727,14.109999656677246,14.319999694824219,14.609999656677246,15.319999694824219,15.209928512573242,15.192798614501953,15.24069595336914,15.396790504455566,15.506805419921875,15.43395709991455,15.352190971374512,15.351775169372559
