data_hoje,p_6,p_5,p_4,p_3,p_2,p_1,hoje,f_1,f_2,f_3,f_4,f_5,f_6,f_7,f_8
2026-01-27 20:00:00,15.40999984741211,15.460000038146973,15.609999656677246,15.539999961853027,15.539999961853027,15.529999732971191,15.329999923706055,15.342880249023438,15.35519790649414,15.327216148376465,15.338665962219238,15.346565246582031,15.353808403015137,15.317774772644043,15.320050239562988
