data_hoje,p_6,p_5,p_4,p_3,p_2,p_1,hoje,f_1,f_2,f_3,f_4,f_5,f_6,f_7,f_8
2026-01-26 21:07:53,13.949999809265137,13.630000114440918,13.699999809265137,13.989999771118164,14.279999732971191,14.319999694824219,15.319999694824219,15.261004447937012,15.344614028930664,15.335948944091797,15.238469123840332,15.428374290466309,15.217731475830078,15.160920143127441,15.205291748046875
