data_hoje,p_6,p_5,p_4,p_3,p_2,p_1,hoje,f_1,f_2,f_3,f_4,f_5,f_6,f_7,f_8
2026-01-26 21:07:00,14.699999809265137,15.0,14.829999923706055,15.350000381469727,15.5,16.469999313354492,16.780000686645508,16.70567512512207,16.725982666015625,16.717571258544922,16.66142463684082,16.74822425842285,16.899660110473633,16.78531265258789,16.69562530517578
