data_hoje,p_6,p_5,p_4,p_3,p_2,p_1,hoje,f_1,f_2,f_3,f_4,f_5,f_6,f_7,f_8
2026-01-26 13:00:00,15.430000305175781,15.600000381469727,15.640000343322754,16.020000457763672,16.469999313354492,16.770000457763672,16.780000686645508,16.907649993896484,16.84902000427246,16.792224884033203,16.703805923461914,16.723148345947266,16.748201370239258,16.849178314208984,16.89388084411621
