data_hoje,p_6,p_5,p_4,p_3,p_2,p_1,hoje,f_1,f_2,f_3,f_4,f_5,f_6,f_7,f_8
2026-01-27 22:15:52,7.183800220489502,7.182799816131592,7.178999900817871,7.171199798583984,7.178999900817871,7.174499988555908,7.165599822998047,7.165709495544434,7.164752006530762,7.165468692779541,7.16571569442749,7.165795803070068,7.166613578796387,7.167029857635498,7.166798114776611
