data_hoje,p_6,p_5,p_4,p_3,p_2,p_1,hoje,f_1,f_2,f_3,f_4,f_5,f_6,f_7,f_8
2026-01-26 17:30:50,7.369196891784668,7.527048110961914,7.432806015014648,7.2411298751831055,7.189073085784912,7.127583980560303,7.221199989318848,7.159924507141113,7.216764450073242,7.278608322143555,7.270565509796143,7.2900004386901855,7.282096862792969,7.245574474334717,7.190622329711914
