data_hoje,dia_1,dia_2,dia_3,dia_4,dia_5,dia_6,hoje,futuro_1,futuro_2,futuro_3,futuro_4,futuro_5,futuro_6,futuro_7,futuro_8
2026-01-26 15:55:53,7.182578086853027,7.183055877685547,7.203157901763916,7.223715782165527,7.127583980560303,7.132905960083008,7.214600086212158,7.202342510223389,7.217796325683594,7.197666168212891,7.203465938568115,7.2021403312683105,7.211791515350342,7.211523056030273,7.211887836456299
