data_hoje,p_6,p_5,p_4,p_3,p_2,p_1,hoje,f_1,f_2,f_3,f_4,f_5,f_6,f_7,f_8
2026-01-26 17:25:50,7.182578086853027,7.183055877685547,7.203157901763916,7.223715782165527,7.127583980560303,7.132905960083008,7.222799777984619,7.217533111572266,7.199197769165039,7.213345527648926,7.215061664581299,7.211028099060059,7.21258020401001,7.232916355133057,7.241395473480225
