data_hoje,p_6,p_5,p_4,p_3,p_2,p_1,hoje,f_1,f_2,f_3,f_4,f_5,f_6,f_7,f_8
2026-01-26 17:27:50,1.3381328582763672,1.3404287099838257,1.3418315649032593,1.344085931777954,1.3419395685195923,1.3501288890838623,1.3698067665100098,1.368157148361206,1.3720680475234985,1.3710739612579346,1.3686476945877075,1.3683497905731201,1.366274118423462,1.3684074878692627,1.368809700012207
