data_hoje,p_6,p_5,p_4,p_3,p_2,p_1,hoje,f_1,f_2,f_3,f_4,f_5,f_6,f_7,f_8
2026-01-26 17:30:50,1.3374598026275635,1.3469899892807007,1.347363829612732,1.3500559329986572,1.3394231796264648,1.3419395685195923,1.3690377473831177,1.369796872138977,1.3690688610076904,1.3726509809494019,1.3624321222305298,1.363610029220581,1.3665651082992554,1.3651494979858398,1.3634185791015625
