data_hoje,dia_1,dia_2,dia_3,dia_4,dia_5,dia_6,hoje,futuro_1,futuro_2,futuro_3,futuro_4,futuro_5,futuro_6,futuro_7,futuro_8
2026-01-26 15:56:53,1.3381328582763672,1.3404287099838257,1.3418315649032593,1.344085931777954,1.3419395685195923,1.3501288890838623,1.3711590766906738,1.370631217956543,1.3750914335250854,1.3734263181686401,1.3704410791397095,1.3693102598190308,1.3661787509918213,1.3691697120666504,1.369225263595581
