data_hoje,p_6,p_5,p_4,p_3,p_2,p_1,hoje,f_1,f_2,f_3,f_4,f_5,f_6,f_7,f_8
2026-01-26 19:00:53,7.182578086853027,7.183055877685547,7.203157901763916,7.223715782165527,7.127583980560303,7.132905960083008,7.222700119018555,7.237983703613281,7.207897186279297,7.210199356079102,7.1918721199035645,7.225966930389404,7.198592662811279,7.210536003112793,7.212540626525879
