data_hoje,p_6,p_5,p_4,p_3,p_2,p_1,hoje,f_1,f_2,f_3,f_4,f_5,f_6,f_7,f_8
2026-01-26 21:07:35,22.040000915527344,22.010000228881836,22.200000762939453,22.559999465942383,23.079999923706055,23.25,22.729999542236328,22.731035232543945,22.8510799407959,22.850234985351562,22.82221221923828,22.853609085083008,22.80169105529785,22.818647384643555,22.717737197875977
