data_hoje,p_6,p_5,p_4,p_3,p_2,p_1,hoje,f_1,f_2,f_3,f_4,f_5,f_6,f_7,f_8
2026-01-26 21:07:35,20.43000030517578,20.75,20.510000228881836,21.270000457763672,21.25,23.079999923706055,22.729999542236328,22.67999839782715,22.68630027770996,22.791301727294922,22.745515823364258,22.63395881652832,22.599063873291016,22.372779846191406,22.537857055664062
