data_hoje,p_6,p_5,p_4,p_3,p_2,p_1,hoje,f_1,f_2,f_3,f_4,f_5,f_6,f_7,f_8
2026-01-26 18:47:44,22.040000915527344,22.010000228881836,22.200000762939453,22.559999465942383,23.079999923706055,23.25,22.899999618530273,22.912933349609375,22.854598999023438,22.836715698242188,22.87562370300293,22.811243057250977,22.829954147338867,22.869197845458984,23.06728744506836
