data_hoje,p_6,p_5,p_4,p_3,p_2,p_1,hoje,f_1,f_2,f_3,f_4,f_5,f_6,f_7,f_8
2026-01-27 20:00:00,23.3799991607666,23.559999465942383,23.65999984741211,23.450000762939453,23.329999923706055,23.40999984741211,23.5,23.50081443786621,23.46358299255371,23.472332000732422,23.51148796081543,23.52382469177246,23.536619186401367,23.47892189025879,23.51982879638672
