data_hoje,p_6,p_5,p_4,p_3,p_2,p_1,hoje,f_1,f_2,f_3,f_4,f_5,f_6,f_7,f_8
2026-01-26 17:16:20,20.43000030517578,20.75,20.510000228881836,21.270000457763672,21.25,23.079999923706055,22.84000015258789,23.22275733947754,23.03106689453125,22.981706619262695,22.92495346069336,22.36451530456543,22.611989974975586,22.33167266845703,22.55352783203125
