data_hoje,dia_1,dia_2,dia_3,dia_4,dia_5,dia_6,hoje,futuro_1,futuro_2,futuro_3,futuro_4,futuro_5,futuro_6,futuro_7,futuro_8
2026-01-26 13:53:53,22.040000915527344,22.010000228881836,22.200000762939453,22.559999465942383,23.079999923706055,23.25,22.959999084472656,23.02132225036621,22.984743118286133,22.937400817871094,22.903348922729492,22.947980880737305,22.882917404174805,22.866098403930664,22.92327880859375
