data_hoje,dia_1,dia_2,dia_3,dia_4,dia_5,dia_6,hoje,futuro_1,futuro_2,futuro_3,futuro_4,futuro_5,futuro_6,futuro_7,futuro_8
2026-01-26 13:58:59,4616.2998046875,4588.39990234375,4759.60009765625,4831.7998046875,4908.7998046875,4976.2001953125,5066.7998046875,5082.345703125,5016.30029296875,5001.787109375,5031.9931640625,5069.68408203125,5144.10205078125,5084.51513671875,5083.08935546875
