data_hoje,p_6,p_5,p_4,p_3,p_2,p_1,hoje,f_1,f_2,f_3,f_4,f_5,f_6,f_7,f_8
2026-01-26 17:21:25,4212.89990234375,4196.39990234375,4306.7001953125,4370.10009765625,4490.2998046875,4626.2998046875,5086.2998046875,5048.98193359375,5141.45849609375,5060.12158203125,5036.58251953125,5041.0341796875,5051.82373046875,5091.05078125,5098.75439453125
