data_hoje,p_6,p_5,p_4,p_3,p_2,p_1,hoje,f_1,f_2,f_3,f_4,f_5,f_6,f_7,f_8
2026-01-26 17:18:43,4616.2998046875,4588.39990234375,4759.60009765625,4831.7998046875,4908.7998046875,4976.2001953125,5089.10009765625,5104.51171875,5093.00830078125,5066.203125,5073.52880859375,5088.509765625,5120.4892578125,5089.1259765625,5085.08642578125
