data_hoje,p_6,p_5,p_4,p_3,p_2,p_1,hoje,f_1,f_2,f_3,f_4,f_5,f_6,f_7,f_8
2026-01-26 18:52:49,4616.2998046875,4588.39990234375,4759.60009765625,4831.7998046875,4908.7998046875,4976.2001953125,5075.2998046875,5028.96875,5047.0849609375,5061.56787109375,5063.4921875,5115.734375,5134.3330078125,5083.408203125,4933.154296875
