data_hoje,p_6,p_5,p_4,p_3,p_2,p_1,hoje,f_1,f_2,f_3,f_4,f_5,f_6,f_7,f_8
2026-01-26 21:07:55,14.229999542236328,14.149999618530273,14.5600004196167,16.139999389648438,15.260000228881836,13.789999961853027,13.59000015258789,13.389456748962402,13.782109260559082,13.76529598236084,13.713228225708008,13.74095344543457,13.805916786193848,13.813380241394043,13.737730979919434
