data_hoje,p_6,p_5,p_4,p_3,p_2,p_1,hoje,f_1,f_2,f_3,f_4,f_5,f_6,f_7,f_8
2026-01-26 17:27:00,0.10556700080633163,0.10917499661445618,0.10805899649858475,0.10937800258398056,0.10846100002527237,0.10310599952936172,0.10653048753738403,0.10578278452157974,0.10595537722110748,0.10603432357311249,0.10576008260250092,0.10596730560064316,0.10595473647117615,0.10637489706277847,0.10633876919746399
