data_hoje,p_6,p_5,p_4,p_3,p_2,p_1,hoje,f_1,f_2,f_3,f_4,f_5,f_6,f_7,f_8
2026-01-27 22:18:00,0.10468568652868271,0.10585427284240723,0.1061987653374672,0.10835856199264526,0.10699525475502014,0.10739563405513763,0.10738319903612137,0.10774607211351395,0.10747870057821274,0.10760799050331116,0.10733065754175186,0.1074245348572731,0.10719846189022064,0.1072053611278534,0.10743024200201035
