data_hoje,dia_1,dia_2,dia_3,dia_4,dia_5,dia_6,hoje,futuro_1,futuro_2,futuro_3,futuro_4,futuro_5,futuro_6,futuro_7,futuro_8
2026-01-26 14:07:00,0.10556700080633163,0.10917499661445618,0.10805899649858475,0.10937800258398056,0.10846100002527237,0.10310599952936172,0.10644841194152832,0.10512827336788177,0.10546800494194031,0.10537708550691605,0.10586617141962051,0.10637585073709488,0.10641699284315109,0.1067371591925621,0.10762247443199158
