data_hoje,p_6,p_5,p_4,p_3,p_2,p_1,hoje,f_1,f_2,f_3,f_4,f_5,f_6,f_7,f_8
2026-01-26 19:00:00,0.10556700080633163,0.10917499661445618,0.10805899649858475,0.10937800258398056,0.10846100002527237,0.10310599952936172,0.10672461241483688,0.10644914954900742,0.10657481104135513,0.106659434735775,0.10595130920410156,0.10639465600252151,0.10670644044876099,0.10588796436786652,0.10619792342185974
