data_hoje,p_6,p_5,p_4,p_3,p_2,p_1,hoje,f_1,f_2,f_3,f_4,f_5,f_6,f_7,f_8
2026-01-27 20:00:00,25.549999237060547,25.3799991607666,25.649999618530273,25.68000030517578,25.75,25.780000686645508,25.65999984741211,25.6414794921875,25.575401306152344,25.626615524291992,25.645294189453125,25.66823959350586,25.67778205871582,25.650245666503906,25.637046813964844
