data_hoje,p_6,p_5,p_4,p_3,p_2,p_1,hoje,f_1,f_2,f_3,f_4,f_5,f_6,f_7,f_8
2026-01-26 21:07:32,22.3799991607666,23.18000030517578,23.329999923706055,23.65999984741211,23.360000610351562,25.15999984741211,25.270000457763672,25.11568260192871,25.162275314331055,25.069215774536133,25.23975944519043,25.249126434326172,25.357576370239258,25.072452545166016,25.196989059448242
