data_hoje,p_6,p_5,p_4,p_3,p_2,p_1,hoje,f_1,f_2,f_3,f_4,f_5,f_6,f_7,f_8
2026-01-26 13:00:00,23.520000457763672,23.329999923706055,23.729999542236328,24.65999984741211,25.15999984741211,25.350000381469727,25.270000457763672,25.289289474487305,25.346960067749023,25.24748420715332,25.115083694458008,25.28563690185547,25.24699592590332,25.256479263305664,25.392213821411133
