data_hoje,p_6,p_5,p_4,p_3,p_2,p_1,hoje,f_1,f_2,f_3,f_4,f_5,f_6,f_7,f_8
2026-01-26 21:07:00,51.970001220703125,53.650001525878906,52.36000061035156,51.2599983215332,51.0099983215332,55.720001220703125,56.04999923706055,56.18417739868164,56.54933547973633,56.53927230834961,55.693565368652344,56.086830139160156,55.9949836730957,54.41072082519531,55.35226058959961
