data_hoje,p_6,p_5,p_4,p_3,p_2,p_1,hoje,f_1,f_2,f_3,f_4,f_5,f_6,f_7,f_8
2026-01-26 17:13:30,52.41999816894531,54.29999923706055,54.11000061035156,54.630001068115234,55.720001220703125,55.220001220703125,55.2599983215332,55.26564407348633,55.42666244506836,55.293670654296875,55.112545013427734,54.978370666503906,55.20742416381836,55.320068359375,55.39772033691406
