data_hoje,p_6,p_5,p_4,p_3,p_2,p_1,hoje,f_1,f_2,f_3,f_4,f_5,f_6,f_7,f_8
2026-01-26 21:07:00,52.41999816894531,54.29999923706055,54.11000061035156,54.630001068115234,55.720001220703125,55.220001220703125,56.04999923706055,55.87672424316406,55.645233154296875,55.36398696899414,55.335662841796875,55.61690902709961,56.414493560791016,56.399879455566406,56.443626403808594
