data_hoje,dia_1,dia_2,dia_3,dia_4,dia_5,dia_6,hoje,futuro_1,futuro_2,futuro_3,futuro_4,futuro_5,futuro_6,futuro_7,futuro_8
2026-01-26 15:42:27,52.41999816894531,54.29999923706055,54.11000061035156,54.630001068115234,55.720001220703125,55.220001220703125,55.34000015258789,55.71449279785156,55.383201599121094,55.51333236694336,55.395652770996094,54.8857421875,54.87712478637695,55.104164123535156,54.83327865600586
