data_hoje,p_6,p_5,p_4,p_3,p_2,p_1,hoje,f_1,f_2,f_3,f_4,f_5,f_6,f_7,f_8
2026-01-26 17:15:46,51.970001220703125,53.650001525878906,52.36000061035156,51.2599983215332,51.0099983215332,55.720001220703125,55.22999954223633,55.824851989746094,55.35227966308594,55.341453552246094,55.33562469482422,54.81031036376953,55.17435073852539,54.4293098449707,54.92546463012695
