data_hoje,p_6,p_5,p_4,p_3,p_2,p_1,hoje,f_1,f_2,f_3,f_4,f_5,f_6,f_7,f_8
2026-01-27 20:00:00,57.540000915527344,57.40999984741211,57.2599983215332,57.20000076293945,57.439998626708984,57.040000915527344,57.630001068115234,57.51448059082031,57.59327697753906,57.58268737792969,57.609092712402344,57.625892639160156,57.58200454711914,57.69468688964844,57.623069763183594
