data_hoje,p_6,p_5,p_4,p_3,p_2,p_1,hoje,f_1,f_2,f_3,f_4,f_5,f_6,f_7,f_8
2026-01-26 17:13:37,39.61000061035156,39.54999923706055,39.91999816894531,41.66999816894531,43.08000183105469,43.56999969482422,43.95000076293945,43.598445892333984,43.90668487548828,43.9177131652832,43.7886848449707,43.861328125,43.65003204345703,44.28255081176758,44.08152770996094
