data_hoje,p_6,p_5,p_4,p_3,p_2,p_1,hoje,f_1,f_2,f_3,f_4,f_5,f_6,f_7,f_8
2026-01-26 21:07:38,38.02912521362305,39.087379455566406,39.150001525878906,39.31999969482422,39.4900016784668,43.08000183105469,44.150001525878906,43.54074478149414,44.2025146484375,44.27288818359375,44.24346160888672,43.56715393066406,43.8851203918457,43.781402587890625,44.11793518066406
