data_hoje,dia_1,dia_2,dia_3,dia_4,dia_5,dia_6,hoje,futuro_1,futuro_2,futuro_3,futuro_4,futuro_5,futuro_6,futuro_7,futuro_8
2026-01-26 13:53:50,39.61000061035156,39.54999923706055,39.91999816894531,41.66999816894531,43.08000183105469,43.56999969482422,43.41999816894531,43.013282775878906,42.727413177490234,43.17604446411133,43.241188049316406,43.584590911865234,43.551170349121094,43.8098258972168,43.11272430419922
