data_hoje,p_6,p_5,p_4,p_3,p_2,p_1,hoje,f_1,f_2,f_3,f_4,f_5,f_6,f_7,f_8
2026-01-26 18:47:33,39.61000061035156,39.54999923706055,39.91999816894531,41.66999816894531,43.08000183105469,43.56999969482422,43.939998626708984,43.746089935302734,43.7299690246582,43.610172271728516,43.982662200927734,44.01240158081055,43.78056335449219,44.034420013427734,44.01237869262695
