data_hoje,p_6,p_5,p_4,p_3,p_2,p_1,hoje,f_1,f_2,f_3,f_4,f_5,f_6,f_7,f_8
2026-01-26 17:16:11,38.02912521362305,39.087379455566406,39.150001525878906,39.31999969482422,39.4900016784668,43.08000183105469,43.91999816894531,44.00335693359375,43.2523307800293,43.12760925292969,44.104652404785156,44.19407653808594,43.66823959350586,43.705039978027344,43.72405242919922
