data_hoje,p_6,p_5,p_4,p_3,p_2,p_1,hoje,f_1,f_2,f_3,f_4,f_5,f_6,f_7,f_8
2026-01-26 21:07:00,18.59000015258789,18.610000610351562,19.09000015258789,18.350000381469727,18.84000015258789,19.280000686645508,19.190000534057617,19.006370544433594,19.05626678466797,19.116182327270508,19.28829574584961,19.1463565826416,19.163270950317383,19.126981735229492,19.290395736694336
