data_hoje,p_6,p_5,p_4,p_3,p_2,p_1,hoje,f_1,f_2,f_3,f_4,f_5,f_6,f_7,f_8
2026-01-27 20:00:00,19.520000457763672,19.469999313354492,19.559999465942383,19.459999084472656,19.440000534057617,19.3799991607666,19.40999984741211,19.401697158813477,19.408960342407227,19.41107749938965,19.4254207611084,19.422822952270508,19.43381690979004,19.40798568725586,19.388874053955078
