data_hoje,dia_1,dia_2,dia_3,dia_4,dia_5,dia_6,hoje,futuro_1,futuro_2,futuro_3,futuro_4,futuro_5,futuro_6,futuro_7,futuro_8
2026-01-26 15:56:00,0.5202360153198242,0.5274609923362732,0.5223240256309509,0.5240010023117065,0.5196470022201538,0.4950459897518158,0.5127044320106506,0.5077446699142456,0.5103116035461426,0.5101757049560547,0.5110688209533691,0.5130981802940369,0.5120299458503723,0.5133015513420105,0.5131423473358154
