data_hoje,p_6,p_5,p_4,p_3,p_2,p_1,hoje,f_1,f_2,f_3,f_4,f_5,f_6,f_7,f_8
2026-01-26 17:27:00,0.5202360153198242,0.5274609923362732,0.5223240256309509,0.5240010023117065,0.5196470022201538,0.4950459897518158,0.5103804469108582,0.5129488110542297,0.512406051158905,0.5109464526176453,0.5090975165367126,0.5088228583335876,0.5090824365615845,0.5069395303726196,0.5048114657402039
