data_hoje,p_6,p_5,p_4,p_3,p_2,p_1,hoje,f_1,f_2,f_3,f_4,f_5,f_6,f_7,f_8
2026-01-27 22:19:00,0.5092485547065735,0.5171940326690674,0.519390881061554,0.5274678468704224,0.5232396125793457,0.5252501964569092,0.5250797867774963,0.5237858891487122,0.5242905616760254,0.5244641900062561,0.5246570110321045,0.5271797776222229,0.5247926115989685,0.5242142081260681,0.5244563817977905
