data_hoje,p_6,p_5,p_4,p_3,p_2,p_1,hoje,f_1,f_2,f_3,f_4,f_5,f_6,f_7,f_8
2026-01-26 17:29:00,0.5895940065383911,0.6223689913749695,0.6379719972610474,0.6074420213699341,0.6075459718704224,0.5223240256309509,0.5101364254951477,0.5065096020698547,0.4893953204154968,0.5021135807037354,0.5074251890182495,0.5114597678184509,0.5340614914894104,0.5432743430137634,0.5298876762390137
