data_hoje,p_6,p_5,p_4,p_3,p_2,p_1,hoje,f_1,f_2,f_3,f_4,f_5,f_6,f_7,f_8
2026-01-26 19:01:00,0.5202360153198242,0.5274609923362732,0.5223240256309509,0.5240010023117065,0.5196470022201538,0.4950459897518158,0.5166667103767395,0.5140839219093323,0.5152138471603394,0.5144738554954529,0.5103262066841125,0.5098939538002014,0.5124128460884094,0.5158430933952332,0.5205727815628052
