data_hoje,p_6,p_5,p_4,p_3,p_2,p_1,hoje,f_1,f_2,f_3,f_4,f_5,f_6,f_7,f_8
2026-01-27 22:18:00,11.873778343200684,11.97293472290039,11.963277816772461,12.108987808227539,12.01636028289795,12.060786247253418,12.059330940246582,12.048925399780273,12.04374885559082,12.050649642944336,12.038947105407715,12.063720703125,12.065174102783203,12.078154563903809,12.073824882507324
