data_hoje,p_6,p_5,p_4,p_3,p_2,p_1,hoje,f_1,f_2,f_3,f_4,f_5,f_6,f_7,f_8
2026-01-26 17:30:00,12.47721004486084,13.2632417678833,13.428935050964355,13.068760871887207,13.735365867614746,12.242456436157227,11.866974830627441,11.83917236328125,11.727446556091309,11.87387466430664,11.991052627563477,11.736896514892578,11.798255920410156,12.109768867492676,12.15080451965332
