data_hoje,p_6,p_5,p_4,p_3,p_2,p_1,hoje,f_1,f_2,f_3,f_4,f_5,f_6,f_7,f_8
2026-01-26 17:28:00,12.113679885864258,12.386194229125977,12.242456436157227,12.208968162536621,12.193202018737793,11.505537986755371,11.867972373962402,11.828787803649902,11.858150482177734,11.853833198547363,11.89566421508789,11.753572463989258,11.81229305267334,11.92929458618164,11.88840389251709
