data_hoje,dia_1,dia_2,dia_3,dia_4,dia_5,dia_6,hoje,futuro_1,futuro_2,futuro_3,futuro_4,futuro_5,futuro_6,futuro_7,futuro_8
2026-01-26 14:07:00,12.113679885864258,12.386194229125977,12.242456436157227,12.208968162536621,12.193202018737793,11.505537986755371,11.886645317077637,11.85118579864502,11.854854583740234,11.865302085876465,11.80685806274414,11.769089698791504,11.835465431213379,11.89332103729248,11.981221199035645
