data_hoje,p_6,p_5,p_4,p_3,p_2,p_1,hoje,f_1,f_2,f_3,f_4,f_5,f_6,f_7,f_8
2026-01-26 19:00:00,12.113679885864258,12.386194229125977,12.242456436157227,12.208968162536621,12.193202018737793,11.505537986755371,11.958450317382812,11.902168273925781,11.936319351196289,11.990974426269531,12.030101776123047,11.93048095703125,11.881021499633789,11.84346866607666,11.820181846618652
