data_hoje,p_6,p_5,p_4,p_3,p_2,p_1,hoje,f_1,f_2,f_3,f_4,f_5,f_6,f_7,f_8
2026-01-26 13:00:00,13.329999923706055,13.390000343322754,13.619999885559082,14.489999771118164,14.949999809265137,14.850000381469727,14.75,14.706737518310547,14.64971923828125,14.622086524963379,14.70767879486084,14.635590553283691,14.781253814697266,14.859760284423828,15.032269477844238
