data_hoje,p_6,p_5,p_4,p_3,p_2,p_1,hoje,f_1,f_2,f_3,f_4,f_5,f_6,f_7,f_8
2026-01-26 21:07:35,13.380000114440918,13.550000190734863,13.380000114440918,13.130000114440918,13.40999984741211,14.949999809265137,14.75,15.061051368713379,14.901018142700195,14.724237442016602,14.74218463897705,14.668999671936035,14.252323150634766,14.595136642456055,14.508977890014648
