data_hoje,dia_1,dia_2,dia_3,dia_4,dia_5,dia_6,hoje,futuro_1,futuro_2,futuro_3,futuro_4,futuro_5,futuro_6,futuro_7,futuro_8
2026-01-26 15:56:00,67.06245422363281,68.4201431274414,68.12567138671875,68.04029846191406,68.11567687988281,67.1728286743164,69.0175552368164,68.85252380371094,69.194091796875,68.8775634765625,68.83628845214844,68.78245544433594,68.73966979980469,69.08744812011719,69.06513977050781
