data_hoje,p_6,p_5,p_4,p_3,p_2,p_1,hoje,f_1,f_2,f_3,f_4,f_5,f_6,f_7,f_8
2026-01-26 17:29:00,78.63316345214844,81.82328033447266,81.62861633300781,76.05021667480469,74.83897399902344,68.12567138671875,68.88642120361328,68.31401062011719,69.60826873779297,69.16014099121094,69.21468353271484,67.90862274169922,71.39179229736328,70.69769287109375,70.2215576171875
