data_hoje,p_6,p_5,p_4,p_3,p_2,p_1,hoje,f_1,f_2,f_3,f_4,f_5,f_6,f_7,f_8
2026-01-27 22:18:00,69.15785217285156,69.51856231689453,69.59073638916016,70.00594329833984,69.97201538085938,70.05941009521484,70.05506896972656,70.05960083007812,69.9669189453125,70.0312271118164,70.02182006835938,70.08788299560547,70.05360412597656,70.0577163696289,70.09854888916016
