data_hoje,p_6,p_5,p_4,p_3,p_2,p_1,hoje,f_1,f_2,f_3,f_4,f_5,f_6,f_7,f_8
2026-01-26 17:27:00,67.06245422363281,68.4201431274414,68.12567138671875,68.04029846191406,68.11567687988281,67.1728286743164,68.88235473632812,68.75566101074219,68.91765594482422,68.78225708007812,68.6991958618164,68.56126403808594,68.4952621459961,68.97520446777344,69.10604858398438
