data_hoje,p_6,p_5,p_4,p_3,p_2,p_1,hoje,f_1,f_2,f_3,f_4,f_5,f_6,f_7,f_8
2026-01-26 17:28:31,620.7999877929688,620.25,604.1199951171875,612.9600219726562,647.6300048828125,658.760009765625,673.905029296875,673.06494140625,672.6734619140625,674.5526123046875,674.2466430664062,673.6205444335938,671.9349975585938,673.420166015625,674.7872314453125
