data_hoje,p_6,p_5,p_4,p_3,p_2,p_1,hoje,f_1,f_2,f_3,f_4,f_5,f_6,f_7,f_8
2026-01-26 19:02:24,620.7999877929688,620.25,604.1199951171875,612.9600219726562,647.6300048828125,658.760009765625,673.4099731445312,676.5194702148438,676.5859375,671.1497192382812,676.4774169921875,669.5997924804688,661.439208984375,665.6412353515625,678.5758056640625
