data_hoje,p_6,p_5,p_4,p_3,p_2,p_1,hoje,f_1,f_2,f_3,f_4,f_5,f_6,f_7,f_8
2026-01-26 17:31:13,644.22998046875,649.5,661.5,660.6199951171875,620.25,612.9600219726562,673.361328125,665.9368286132812,671.8916625976562,662.2839965820312,665.08203125,675.4678344726562,669.3626098632812,666.13916015625,660.4803466796875
