data_hoje,p_6,p_5,p_4,p_3,p_2,p_1,hoje,f_1,f_2,f_3,f_4,f_5,f_6,f_7,f_8
2026-01-26 18:47:36,8.460000038146973,8.359999656677246,8.399999618530273,8.8100004196167,8.960000038146973,9.369999885559082,9.460000038146973,9.344033241271973,9.504573822021484,9.439994812011719,9.387681007385254,9.407083511352539,9.506715774536133,9.518580436706543,9.398721694946289
