data_hoje,p_6,p_5,p_4,p_3,p_2,p_1,hoje,f_1,f_2,f_3,f_4,f_5,f_6,f_7,f_8
2026-01-26 17:16:18,8.90476131439209,8.84761905670166,8.829999923706055,9.289999961853027,8.579999923706055,8.960000038146973,9.430000305175781,9.346949577331543,9.372058868408203,9.352474212646484,9.465790748596191,9.3597993850708,9.510638236999512,9.474365234375,9.339275360107422
