data_hoje,p_6,p_5,p_4,p_3,p_2,p_1,hoje,f_1,f_2,f_3,f_4,f_5,f_6,f_7,f_8
2026-01-26 21:07:00,8.460000038146973,8.359999656677246,8.399999618530273,8.8100004196167,8.960000038146973,9.369999885559082,9.470000267028809,9.451149940490723,9.554622650146484,9.578269958496094,9.522418022155762,9.479971885681152,9.418654441833496,9.466443061828613,9.459566116333008
