data_hoje,p_6,p_5,p_4,p_3,p_2,p_1,hoje,f_1,f_2,f_3,f_4,f_5,f_6,f_7,f_8
2026-01-26 17:13:37,8.460000038146973,8.359999656677246,8.399999618530273,8.8100004196167,8.960000038146973,9.369999885559082,9.40999984741211,9.34338092803955,9.398412704467773,9.519169807434082,9.461817741394043,9.407278060913086,9.33234691619873,9.36309814453125,9.333113670349121
