data_hoje,dia_1,dia_2,dia_3,dia_4,dia_5,dia_6,hoje,futuro_1,futuro_2,futuro_3,futuro_4,futuro_5,futuro_6,futuro_7,futuro_8
2026-01-26 15:43:03,8.460000038146973,8.359999656677246,8.399999618530273,8.8100004196167,8.960000038146973,9.369999885559082,9.289999961853027,9.29110336303711,9.329742431640625,9.311765670776367,9.292309761047363,9.28604793548584,9.2799072265625,9.1788969039917,9.20911979675293
