data_hoje,p_6,p_5,p_4,p_3,p_2,p_1,hoje,f_1,f_2,f_3,f_4,f_5,f_6,f_7,f_8
2026-01-26 13:00:00,7.480000019073486,7.369999885559082,7.380000114440918,7.610000133514404,7.769999980926514,7.940000057220459,8.100000381469727,8.043051719665527,8.03976821899414,8.085779190063477,8.235227584838867,8.268668174743652,8.21969985961914,8.157442092895508,8.232711791992188
