data_hoje,p_6,p_5,p_4,p_3,p_2,p_1,hoje,f_1,f_2,f_3,f_4,f_5,f_6,f_7,f_8
2026-01-27 20:00:00,8.260000228881836,8.350000381469727,8.430000305175781,8.3100004196167,8.420000076293945,8.380000114440918,8.329999923706055,8.321460723876953,8.301238059997559,8.295774459838867,8.294713973999023,8.333539962768555,8.343194007873535,8.353920936584473,8.341282844543457
