data_hoje,p_6,p_5,p_4,p_3,p_2,p_1,hoje,f_1,f_2,f_3,f_4,f_5,f_6,f_7,f_8
2026-01-27 22:18:00,1.452455759048462,1.4747871160507202,1.4800251722335815,1.497591495513916,1.4834318161010742,1.4902453422546387,1.4899619817733765,1.4911047220230103,1.4895691871643066,1.4905980825424194,1.4916515350341797,1.489492654800415,1.488119125366211,1.4896949529647827,1.4939912557601929
