data_hoje,p_6,p_5,p_4,p_3,p_2,p_1,hoje,f_1,f_2,f_3,f_4,f_5,f_6,f_7,f_8
2026-01-26 19:01:00,1.5046770572662354,1.5264270305633545,1.5111470222473145,1.5073280334472656,1.5038959980010986,1.4335479736328125,1.4672651290893555,1.4713072776794434,1.4627419710159302,1.4699896574020386,1.4751797914505005,1.4613738059997559,1.4642821550369263,1.4730310440063477,1.4647330045700073
