data_hoje,dia_1,dia_2,dia_3,dia_4,dia_5,dia_6,hoje,futuro_1,futuro_2,futuro_3,futuro_4,futuro_5,futuro_6,futuro_7,futuro_8
2026-01-26 15:56:00,1.5046770572662354,1.5264270305633545,1.5111470222473145,1.5073280334472656,1.5038959980010986,1.4335479736328125,1.4622046947479248,1.451785922050476,1.4502202272415161,1.458083987236023,1.4678126573562622,1.4662824869155884,1.4705023765563965,1.475008487701416,1.467591643333435
