data_hoje,p_6,p_5,p_4,p_3,p_2,p_1,hoje,f_1,f_2,f_3,f_4,f_5,f_6,f_7,f_8
2026-01-26 17:27:00,1.5046770572662354,1.5264270305633545,1.5111470222473145,1.5073280334472656,1.5038959980010986,1.4335479736328125,1.4488953351974487,1.4435384273529053,1.4544696807861328,1.4541661739349365,1.4574204683303833,1.4456045627593994,1.4573453664779663,1.450610876083374,1.4578946828842163
