data_hoje,p_6,p_5,p_4,p_3,p_2,p_1,hoje,f_1,f_2,f_3,f_4,f_5,f_6,f_7,f_8
2026-01-26 17:28:30,187.0500030517578,186.22999572753906,178.07000732421875,183.32000732421875,184.83999633789062,187.6699981689453,186.63999938964844,187.08103942871094,186.0255126953125,186.4627227783203,187.1021270751953,187.74432373046875,187.52134704589844,186.84786987304688,186.05606079101562
