data_hoje,p_6,p_5,p_4,p_3,p_2,p_1,hoje,f_1,f_2,f_3,f_4,f_5,f_6,f_7,f_8
2026-01-26 21:00:00,187.0500030517578,186.22999572753903,178.07000732421875,183.32000732421875,184.83999633789065,187.6699981689453,186.47000122070312,186.4723358154297,186.9810485839844,187.18055725097656,186.7425842285156,186.37049865722656,186.3837738037109,187.42218017578125,186.98944091796875
