data_hoje,p_6,p_5,p_4,p_3,p_2,p_1,hoje,f_1,f_2,f_3,f_4,f_5,f_6,f_7,f_8
2026-01-27 21:00:00,189.70579528808594,189.68499755859375,189.48500061035156,189.125,189.4250030517578,188.5399932861328,188.52000427246094,188.4871826171875,188.53196716308594,188.60330200195312,188.64149475097656,188.5172576904297,188.59896850585938,188.57470703125,188.583984375
