data_hoje,p_6,p_5,p_4,p_3,p_2,p_1,hoje,f_1,f_2,f_3,f_4,f_5,f_6,f_7,f_8
2026-01-26 17:31:13,175.02000427246094,170.94000244140625,183.69000244140625,187.24000549316406,186.22999572753906,183.32000732421875,186.58450317382812,187.7650604248047,186.90895080566406,187.5308837890625,187.2433624267578,187.40966796875,185.6431121826172,182.97634887695312,182.86282348632812
