data_hoje,dia_1,dia_2,dia_3,dia_4,dia_5,dia_6,hoje,futuro_1,futuro_2,futuro_3,futuro_4,futuro_5,futuro_6,futuro_7,futuro_8
2026-01-26 14:07:00,0.299703985452652,0.307904988527298,0.30688101053237915,0.3041119873523712,0.30340999364852905,0.28617700934410095,0.29718318581581116,0.2980816066265106,0.29515689611434937,0.29650819301605225,0.2940250337123871,0.29645583033561707,0.29581356048583984,0.29424813389778137,0.2963427007198334
