data_hoje,p_6,p_5,p_4,p_3,p_2,p_1,hoje,f_1,f_2,f_3,f_4,f_5,f_6,f_7,f_8
2026-01-26 19:01:00,0.299703985452652,0.307904988527298,0.30688101053237915,0.3041119873523712,0.30340999364852905,0.28617700934410095,0.2966444492340088,0.29737165570259094,0.2957102060317993,0.2956627905368805,0.29540976881980896,0.2927393913269043,0.2958900034427643,0.2973857522010803,0.2975616455078125
