data_hoje,p_6,p_5,p_4,p_3,p_2,p_1,hoje,f_1,f_2,f_3,f_4,f_5,f_6,f_7,f_8
2026-01-27 22:18:00,0.29237106442451477,0.295944482088089,0.2976752519607544,0.30252012610435486,0.29931971430778503,0.29995647072792053,0.29999250173568726,0.29996517300605774,0.3005794882774353,0.29939064383506775,0.2998330593109131,0.300117552280426,0.2999023199081421,0.30019938945770264,0.3004803955554962
