data_hoje,p_6,p_5,p_4,p_3,p_2,p_1,hoje,f_1,f_2,f_3,f_4,f_5,f_6,f_7,f_8
2026-01-26 17:27:00,0.299703985452652,0.307904988527298,0.30688101053237915,0.3041119873523712,0.30340999364852905,0.28617700934410095,0.2951371967792511,0.29665184020996094,0.2946060597896576,0.2949938476085663,0.29593828320503235,0.2914401888847351,0.29285573959350586,0.29552173614501953,0.29457032680511475
