data_hoje,p_6,p_5,p_4,p_3,p_2,p_1,hoje,f_1,f_2,f_3,f_4,f_5,f_6,f_7,f_8
2026-01-26 17:29:00,0.2733129858970642,0.30565500259399414,0.3168709874153137,0.30877500772476196,0.34663599729537964,0.30688101053237915,0.29491645097732544,0.2956719398498535,0.29377633333206177,0.29576918482780457,0.2903960049152374,0.293629914522171,0.2892897129058838,0.291954904794693,0.29194673895835876
