data_hoje,p_6,p_5,p_4,p_3,p_2,p_1,hoje,f_1,f_2,f_3,f_4,f_5,f_6,f_7,f_8
2026-01-26 21:07:58,30.899999618530273,30.309999465942383,30.709999084472656,29.829999923706055,30.360000610351562,33.58000183105469,35.36000061035156,35.002159118652344,35.04804229736328,35.281471252441406,35.33946228027344,35.446617126464844,34.93612289428711,35.245635986328125,35.4433479309082
