data_hoje,p_6,p_5,p_4,p_3,p_2,p_1,hoje,f_1,f_2,f_3,f_4,f_5,f_6,f_7,f_8
2026-01-26 17:13:32,32.040000915527344,32.16999816894531,32.290000915527344,33.43000030517578,33.58000183105469,35.040000915527344,35.31999969482422,34.92350387573242,35.05100631713867,35.07919692993164,35.43648147583008,35.13626480102539,35.62700271606445,35.17033004760742,35.56428146362305
