data_hoje,p_6,p_5,p_4,p_3,p_2,p_1,hoje,f_1,f_2,f_3,f_4,f_5,f_6,f_7,f_8
2026-01-26 21:07:58,32.040000915527344,32.16999816894531,32.290000915527344,33.43000030517578,33.58000183105469,35.040000915527344,35.36000061035156,35.2977409362793,35.248111724853516,35.084781646728516,34.97248077392578,35.18097686767578,35.24986267089844,34.863197326660156,35.39752960205078
