data_hoje,p_6,p_5,p_4,p_3,p_2,p_1,hoje,f_1,f_2,f_3,f_4,f_5,f_6,f_7,f_8
2026-01-26 17:16:13,30.899999618530273,30.309999465942383,30.709999084472656,29.829999923706055,30.360000610351562,33.58000183105469,35.34000015258789,35.63502502441406,35.622554779052734,35.48591613769531,35.40799331665039,35.00313949584961,34.800804138183594,34.61326217651367,34.88138961791992
