data_hoje,p_6,p_5,p_4,p_3,p_2,p_1,hoje,f_1,f_2,f_3,f_4,f_5,f_6,f_7,f_8
2026-01-26 18:47:27,32.040000915527344,32.16999816894531,32.290000915527344,33.43000030517578,33.58000183105469,35.040000915527344,35.27000045776367,34.92515182495117,35.33700942993164,35.26758575439453,35.22581100463867,35.18879699707031,35.10784149169922,35.42597961425781,34.77448654174805
