data_hoje,dia_1,dia_2,dia_3,dia_4,dia_5,dia_6,hoje,futuro_1,futuro_2,futuro_3,futuro_4,futuro_5,futuro_6,futuro_7,futuro_8
2026-01-26 15:43:02,32.040000915527344,32.16999816894531,32.290000915527344,33.43000030517578,33.58000183105469,35.040000915527344,35.25,34.86427688598633,35.0998420715332,34.97098159790039,35.266571044921875,35.047706604003906,35.36845016479492,35.07622528076172,35.415523529052734
