data_hoje,p_6,p_5,p_4,p_3,p_2,p_1,hoje,f_1,f_2,f_3,f_4,f_5,f_6,f_7,f_8
2026-01-26 21:07:49,44.16999816894531,44.93000030517578,45.40999984741211,46.880001068115234,46.25,48.52000045776367,48.5,48.28670120239258,48.244319915771484,48.63624954223633,48.74388885498047,48.17544937133789,47.79423904418945,48.500831604003906,48.58248519897461
