data_hoje,dia_1,dia_2,dia_3,dia_4,dia_5,dia_6,hoje,futuro_1,futuro_2,futuro_3,futuro_4,futuro_5,futuro_6,futuro_7,futuro_8
2026-01-26 13:53:54,44.16999816894531,44.93000030517578,45.40999984741211,46.880001068115234,46.25,48.52000045776367,47.810001373291016,47.52822494506836,47.49012756347656,47.62611770629883,47.72166061401367,47.77883529663086,47.442527770996094,48.17205047607422,47.70747756958008
