data_hoje,p_6,p_5,p_4,p_3,p_2,p_1,hoje,f_1,f_2,f_3,f_4,f_5,f_6,f_7,f_8
2026-01-26 17:16:21,38.54999923706055,40.41999816894531,41.7599983215332,41.06999969482422,43.2400016784668,46.25,48.16999816894531,48.11330795288086,49.48546600341797,48.217830657958984,47.69544982910156,47.419857025146484,46.37901306152344,47.34575271606445,48.91624450683594
