data_hoje,p_6,p_5,p_4,p_3,p_2,p_1,hoje,f_1,f_2,f_3,f_4,f_5,f_6,f_7,f_8
2026-01-26 17:13:41,44.16999816894531,44.93000030517578,45.40999984741211,46.880001068115234,46.25,48.52000045776367,48.16999816894531,47.932987213134766,48.24528884887695,48.13897705078125,48.14418029785156,47.98085021972656,48.08867645263672,47.92596435546875,47.87809753417969
