data_hoje,p_6,p_5,p_4,p_3,p_2,p_1,hoje,f_1,f_2,f_3,f_4,f_5,f_6,f_7,f_8
2026-01-26 18:47:42,44.16999816894531,44.93000030517578,45.40999984741211,46.880001068115234,46.25,48.52000045776367,48.25,47.91476058959961,48.11713790893555,47.79683303833008,47.85040283203125,48.14546585083008,48.41625213623047,48.48455047607422,48.52861785888672
