data_hoje,dia_1,dia_2,dia_3,dia_4,dia_5,dia_6,hoje,futuro_1,futuro_2,futuro_3,futuro_4,futuro_5,futuro_6,futuro_7,futuro_8
2026-01-26 14:07:00,76.52493286132812,80.3359375,81.7748031616211,79.48761749267578,79.16092681884766,73.36470794677734,74.97312927246094,74.20076751708984,73.7667007446289,74.90907287597656,75.10379028320312,75.66378021240234,75.50767517089844,75.468505859375,75.06477355957031
