data_hoje,p_6,p_5,p_4,p_3,p_2,p_1,hoje,f_1,f_2,f_3,f_4,f_5,f_6,f_7,f_8
2026-01-26 19:00:00,76.52493286132812,80.3359375,81.7748031616211,79.48761749267578,79.16092681884766,73.36470794677734,74.4541015625,73.5838394165039,74.26667022705078,75.5313720703125,74.92859649658203,74.67526245117188,74.40699768066406,75.25384521484375,74.88883209228516
