data_hoje,p_6,p_5,p_4,p_3,p_2,p_1,hoje,f_1,f_2,f_3,f_4,f_5,f_6,f_7,f_8
2026-01-26 17:29:00,73.1195068359375,79.0242919921875,75.37983703613281,72.50536346435547,84.35476684570312,81.7748031616211,74.82713317871094,74.34613800048828,75.94511413574219,76.13374328613281,75.78964233398438,75.63492584228516,78.0072021484375,73.46842956542969,75.24413299560547
