data_hoje,p_6,p_5,p_4,p_3,p_2,p_1,hoje,f_1,f_2,f_3,f_4,f_5,f_6,f_7,f_8
2026-01-27 22:18:00,76.30160522460938,75.8448486328125,77.95039367675781,79.2265853881836,80.5798568725586,80.96823120117188,80.94771575927734,80.75879669189453,80.2890625,80.94944763183594,81.04419708251953,80.94992065429688,80.9963607788086,81.18047332763672,80.63772583007812
