data_hoje,p_6,p_5,p_4,p_3,p_2,p_1,hoje,f_1,f_2,f_3,f_4,f_5,f_6,f_7,f_8
2026-01-26 21:07:00,2.1500000953674316,2.1700000762939453,2.309999942779541,2.299999952316284,2.240000009536743,2.3399999141693115,2.359999895095825,2.3640024662017822,2.3537769317626953,2.35953688621521,2.34549617767334,2.372743606567383,2.3488545417785645,2.3163981437683105,2.3409061431884766
