data_hoje,p_6,p_5,p_4,p_3,p_2,p_1,hoje,f_1,f_2,f_3,f_4,f_5,f_6,f_7,f_8
2026-01-26 13:00:00,2.319999933242798,2.309999942779541,2.180000066757202,2.299999952316284,2.3399999141693115,2.380000114440918,2.359999895095825,2.3733603954315186,2.379946708679199,2.385589361190796,2.382713794708252,2.3932929039001465,2.3707594871520996,2.3786256313323975,2.3767306804656982
