data_hoje,p_6,p_5,p_4,p_3,p_2,p_1,hoje,f_1,f_2,f_3,f_4,f_5,f_6,f_7,f_8
2026-01-26 21:07:53,14.649999618530273,14.630000114440918,14.75,14.65999984741211,14.890000343322754,14.220000267028809,14.850000381469727,14.80337142944336,14.908918380737305,14.737626075744629,14.84013843536377,14.803445816040039,14.731030464172363,14.781352996826172,14.751770973205566
