data_hoje,p_6,p_5,p_4,p_3,p_2,p_1,hoje,f_1,f_2,f_3,f_4,f_5,f_6,f_7,f_8
2026-01-26 21:07:31,45.52000045776367,41.66999816894531,40.470001220703125,40.9900016784668,41.15999984741211,43.38999938964844,44.09000015258789,43.800167083740234,44.105735778808594,44.29334259033203,43.87306213378906,43.74949645996094,44.515838623046875,44.64900207519531,44.48944854736328
