data_hoje,p_6,p_5,p_4,p_3,p_2,p_1,hoje,f_1,f_2,f_3,f_4,f_5,f_6,f_7,f_8
2026-01-27 20:00:00,44.529998779296875,44.40999984741211,44.689998626708984,44.220001220703125,44.099998474121094,43.5099983215332,43.599998474121094,43.677120208740234,43.611724853515625,43.605648040771484,43.5657844543457,43.73957061767578,43.6380729675293,43.60323715209961,43.53724670410156
