data_hoje,p_6,p_5,p_4,p_3,p_2,p_1,hoje,f_1,f_2,f_3,f_4,f_5,f_6,f_7,f_8
2026-01-26 21:06:00,32.04999923706055,34.099998474121094,33.72999954223633,33.150001525878906,33.959999084472656,35.150001525878906,35.52000045776367,35.00714111328125,35.15803909301758,35.29224395751953,34.83090591430664,35.172454833984375,35.78388977050781,36.139251708984375,35.98002243041992
