data_hoje,p_6,p_5,p_4,p_3,p_2,p_1,hoje,f_1,f_2,f_3,f_4,f_5,f_6,f_7,f_8
2026-01-26 13:00:00,33.099998474121094,33.33000183105469,34.0,34.56999969482422,35.150001525878906,35.7400016784668,35.52000045776367,35.49639892578125,35.47836685180664,35.29460525512695,35.39459228515625,35.453731536865234,35.60319900512695,35.8355712890625,35.73746109008789
