data_hoje,p_6,p_5,p_4,p_3,p_2,p_1,hoje,f_1,f_2,f_3,f_4,f_5,f_6,f_7,f_8
2026-01-27 20:00:00,36.689998626708984,36.630001068115234,36.81999969482422,36.83000183105469,36.689998626708984,36.630001068115234,36.650001525878906,36.641212463378906,36.64699172973633,36.65123748779297,36.655731201171875,36.646392822265625,36.65838623046875,36.65423583984375,36.6516227722168
