data_hoje,p_6,p_5,p_4,p_3,p_2,p_1,hoje,f_1,f_2,f_3,f_4,f_5,f_6,f_7,f_8
2026-01-26 13:00:00,16.829999923706055,17.09000015258789,17.3799991607666,17.649999618530273,18.0,18.239999771118164,18.170000076293945,18.14423370361328,18.14020347595215,18.146930694580078,18.164714813232422,18.183870315551758,18.24395751953125,18.291839599609375,18.1806640625
