data_hoje,p_6,p_5,p_4,p_3,p_2,p_1,hoje,f_1,f_2,f_3,f_4,f_5,f_6,f_7,f_8
2026-01-26 21:05:00,16.559999465942383,17.389999389648438,17.190000534057617,16.850000381469727,17.34000015258789,18.0,18.170000076293945,18.155942916870117,18.158395767211914,18.134445190429688,18.30832862854004,18.30207061767578,18.08724594116211,17.94593620300293,17.77020263671875
