data_hoje,p_6,p_5,p_4,p_3,p_2,p_1,hoje,f_1,f_2,f_3,f_4,f_5,f_6,f_7,f_8
2026-01-27 20:00:00,18.739999771118164,18.719999313354492,18.84000015258789,18.799999237060547,18.729999542236328,18.729999542236328,18.850000381469727,18.84872817993164,18.83698081970215,18.853776931762695,18.847612380981445,18.83829116821289,18.854846954345703,18.82880973815918,18.824974060058594
