data_hoje,p_6,p_5,p_4,p_3,p_2,p_1,hoje,f_1,f_2,f_3,f_4,f_5,f_6,f_7,f_8
2026-01-26 13:00:00,123.66000366210938,124.0,127.83999633789062,130.82000732421875,135.07000732421875,139.14999389648438,138.89999389648438,139.3883056640625,139.68865966796875,138.71841430664062,139.7430419921875,139.90635681152344,138.4354705810547,137.78244018554688,137.4798126220703
