data_hoje,dia_1,dia_2,dia_3,dia_4,dia_5,dia_6,hoje,futuro_1,futuro_2,futuro_3,futuro_4,futuro_5,futuro_6,futuro_7,futuro_8
2026-01-26 14:07:00,125.70572662353516,129.3790740966797,128.28834533691406,127.36157989501953,127.05381774902344,118.77285766601562,123.30387115478516,123.13864135742188,122.8911361694336,123.23001861572266,123.04573822021484,122.0685043334961,122.06285095214844,123.0656967163086,124.0679702758789
