data_hoje,p_6,p_5,p_4,p_3,p_2,p_1,hoje,f_1,f_2,f_3,f_4,f_5,f_6,f_7,f_8
2026-01-26 17:29:00,125.19935607910156,132.1336669921875,136.31301879882812,139.1361846923828,143.72567749023438,128.28834533691406,123.46092987060547,122.60359191894531,123.34481811523438,124.96273803710938,124.0426025390625,122.7744140625,124.41974639892578,125.7791976928711,124.3321533203125
