data_hoje,p_6,p_5,p_4,p_3,p_2,p_1,hoje,f_1,f_2,f_3,f_4,f_5,f_6,f_7,f_8
2026-01-26 17:26:00,125.70572662353516,129.3790740966797,128.28834533691406,127.36157989501953,127.05381774902344,118.77285766601562,123.45277404785156,123.06013488769531,122.82771301269531,123.89302825927734,123.08055114746094,122.87936401367188,122.65120697021484,122.84718322753906,123.43318176269531
