data_hoje,p_6,p_5,p_4,p_3,p_2,p_1,hoje,f_1,f_2,f_3,f_4,f_5,f_6,f_7,f_8
2026-01-27 22:18:00,123.83491516113281,125.67424774169922,125.6063461303711,127.05183410644531,126.91300964355469,127.13872528076172,127.13069915771484,127.08865356445312,126.84723663330078,126.88862609863281,127.08643341064453,127.45454406738281,127.29618835449219,127.19902801513672,126.72820281982422
