data_hoje,p_6,p_5,p_4,p_3,p_2,p_1,hoje,f_1,f_2,f_3,f_4,f_5,f_6,f_7,f_8
2026-01-26 21:07:37,52.650001525878906,51.5,51.869998931884766,49.939998626708984,52.11000061035156,52.189998626708984,51.66999816894531,51.77153396606445,51.88839340209961,52.10115432739258,51.4146842956543,51.592037200927734,51.37187576293945,50.825382232666016,51.005828857421875
