data_hoje,p_6,p_5,p_4,p_3,p_2,p_1,hoje,f_1,f_2,f_3,f_4,f_5,f_6,f_7,f_8
2026-01-27 20:00:00,44.060001373291016,44.150001525878906,44.470001220703125,44.290000915527344,44.33000183105469,44.47999954223633,44.15999984741211,44.122108459472656,44.19271469116211,44.191226959228516,44.1833381652832,44.24506378173828,44.24518966674805,44.185546875,44.16634750366211
