data_hoje,p_6,p_5,p_4,p_3,p_2,p_1,hoje,f_1,f_2,f_3,f_4,f_5,f_6,f_7,f_8
2026-01-26 13:00:00,39.5,39.849998474121094,40.060001373291016,40.709999084472656,42.220001220703125,43.029998779296875,43.279998779296875,43.181697845458984,43.393402099609375,43.27487564086914,43.37577438354492,43.48640823364258,43.5313835144043,43.39554977416992,43.123443603515625
