data_hoje,dia_1,dia_2,dia_3,dia_4,dia_5,dia_6,hoje,futuro_1,futuro_2,futuro_3,futuro_4,futuro_5,futuro_6,futuro_7,futuro_8
2026-01-26 14:07:00,0.4617669880390167,0.4706929922103882,0.4568609893321991,0.45313701033592224,0.45855799317359924,0.42752400040626526,0.44474315643310547,0.44396018981933594,0.4386816620826721,0.4423220753669739,0.44273313879966736,0.4460432231426239,0.4464399516582489,0.4496826231479645,0.44822025299072266
