data_hoje,p_6,p_5,p_4,p_3,p_2,p_1,hoje,f_1,f_2,f_3,f_4,f_5,f_6,f_7,f_8
2026-01-26 17:27:00,0.4617669880390167,0.4706929922103882,0.4568609893321991,0.45313701033592224,0.45855799317359924,0.42752400040626526,0.44556859135627747,0.4479087293148041,0.4468635022640228,0.444082111120224,0.438752681016922,0.4444042444229126,0.4466157555580139,0.4464285373687744,0.4483138918876648
