data_hoje,p_6,p_5,p_4,p_3,p_2,p_1,hoje,f_1,f_2,f_3,f_4,f_5,f_6,f_7,f_8
2026-01-27 22:18:00,0.438403844833374,0.4466724693775177,0.4494560658931732,0.45565441250801086,0.450823575258255,0.4522658586502075,0.4523394703865051,0.45139583945274353,0.451496422290802,0.4524390995502472,0.45279234647750854,0.45215359330177307,0.4528746008872986,0.45193636417388916,0.452317476272583
