data_hoje,p_6,p_5,p_4,p_3,p_2,p_1,hoje,f_1,f_2,f_3,f_4,f_5,f_6,f_7,f_8
2026-01-26 17:29:00,0.47006601095199585,0.5289139747619629,0.563962996006012,0.52948397397995,0.5768030285835266,0.4568609893321991,0.44524145126342773,0.42419692873954773,0.43262627720832825,0.4465348422527313,0.45580026507377625,0.4470829963684082,0.4663645625114441,0.47709378600120544,0.4714392125606537
