data_hoje,p_6,p_5,p_4,p_3,p_2,p_1,hoje,f_1,f_2,f_3,f_4,f_5,f_6,f_7,f_8
2026-01-26 19:01:00,0.4617669880390167,0.4706929922103882,0.4568609893321991,0.45313701033592224,0.45855799317359924,0.42752400040626526,0.44718432426452637,0.4512532353401184,0.4518377184867859,0.44452816247940063,0.44648316502571106,0.44651705026626587,0.443881094455719,0.44765084981918335,0.445663183927536
