data_hoje,dia_1,dia_2,dia_3,dia_4,dia_5,dia_6,hoje,futuro_1,futuro_2,futuro_3,futuro_4,futuro_5,futuro_6,futuro_7,futuro_8
2026-01-23 14:30:00,439.20001220703125,438.57000732421875,437.5,419.25,431.44000244140625,449.3599853515625,449.05999755859375,448.2510070800781,447.69573974609375,451.75128173828125,448.0040588378906,442.684326171875,441.95465087890625,441.8973693847656,443.1472473144531
