data_hoje,p_6,p_5,p_4,p_3,p_2,p_1,hoje,f_1,f_2,f_3,f_4,f_5,f_6,f_7,f_8
2026-01-26 17:31:13,458.9599914550781,467.260009765625,488.7300109863281,432.9599914550781,437.5,431.44000244140625,439.3399963378906,435.17852783203125,442.4841003417969,437.3992004394531,441.0220031738281,437.7094421386719,455.26495361328125,466.6376953125,469.9837951660156
