data_hoje,p_6,p_5,p_4,p_3,p_2,p_1,hoje,f_1,f_2,f_3,f_4,f_5,f_6,f_7,f_8
2026-01-26 21:00:01,438.57000732421875,437.5,419.25,431.44000244140625,449.3599853515625,449.05999755859375,435.20001220703125,435.0093994140625,434.0929870605469,430.1845397949219,429.5275573730469,427.7691345214844,432.5968017578125,430.4840087890625,426.35919189453125
