data_hoje,p_6,p_5,p_4,p_3,p_2,p_1,hoje,f_1,f_2,f_3,f_4,f_5,f_6,f_7,f_8
2026-01-26 17:28:32,438.57000732421875,437.5,419.25,431.44000244140625,449.3599853515625,449.05999755859375,440.25,444.38525390625,441.0430603027344,438.9769287109375,435.9712219238281,434.9716491699219,433.3300476074219,437.0341796875,444.6696472167969
