data_hoje,p_6,p_5,p_4,p_3,p_2,p_1,hoje,f_1,f_2,f_3,f_4,f_5,f_6,f_7,f_8
2026-01-27 21:00:00,434.8699951171875,434.6650085449219,432.78009033203125,431.30010986328125,433.7900085449219,430.9100036621094,430.8999938964844,431.4674987792969,431.0862731933594,430.9233093261719,430.59088134765625,431.12115478515625,431.61181640625,431.59442138671875,431.3221435546875
