data_hoje,p_6,p_5,p_4,p_3,p_2,p_1,hoje,f_1,f_2,f_3,f_4,f_5,f_6,f_7,f_8
2026-01-26 19:02:12,438.57000732421875,437.5,419.25,431.44000244140625,449.3599853515625,449.05999755859375,438.3450012207031,441.20098876953125,442.87213134765625,441.8585510253906,439.1409912109375,432.31951904296875,431.2330017089844,430.3439025878906,429.9661865234375
