data_hoje,dia_1,dia_2,dia_3,dia_4,dia_5,dia_6,hoje,futuro_1,futuro_2,futuro_3,futuro_4,futuro_5,futuro_6,futuro_7,futuro_8
2026-01-26 15:57:53,17.65329933166504,17.63265037536621,17.57710075378418,17.591999053955078,17.482500076293945,17.46809959411621,17.250490188598633,17.244781494140625,17.2319393157959,17.238758087158203,17.21035385131836,17.27028465270996,17.272994995117188,17.301189422607422,17.317718505859375
