data_hoje,p_6,p_5,p_4,p_3,p_2,p_1,hoje,f_1,f_2,f_3,f_4,f_5,f_6,f_7,f_8
2026-01-26 17:28:27,158.5959930419922,157.53500366210938,158.177001953125,158.16200256347656,158.45599365234375,158.50100708007812,153.9969940185547,154.35450744628906,154.25550842285156,154.33078002929688,154.01905822753906,154.31488037109375,153.85369873046875,153.70620727539062,153.945556640625
