data_hoje,p_6,p_5,p_4,p_3,p_2,p_1,hoje,f_1,f_2,f_3,f_4,f_5,f_6,f_7,f_8
2026-01-26 17:28:30,17.65329933166504,17.63265037536621,17.57710075378418,17.591999053955078,17.482500076293945,17.46809959411621,17.31450080871582,17.289306640625,17.316089630126953,17.339031219482422,17.30725860595703,17.334726333618164,17.357194900512695,17.32024383544922,17.313840866088867
