data_hoje,dia_1,dia_2,dia_3,dia_4,dia_5,dia_6,hoje,futuro_1,futuro_2,futuro_3,futuro_4,futuro_5,futuro_6,futuro_7,futuro_8
2026-01-26 15:57:52,0.8034200072288513,0.7987200021743774,0.7978900074958801,0.7894999980926514,0.7963899970054626,0.7889999747276306,0.7739700078964233,0.7725968360900879,0.7709411978721619,0.7733418941497803,0.77333003282547,0.7734056115150452,0.7773648500442505,0.7791110873222351,0.7787342071533203
