data_hoje,p_6,p_5,p_4,p_3,p_2,p_1,hoje,f_1,f_2,f_3,f_4,f_5,f_6,f_7,f_8
2026-01-26 17:31:11,0.795199990272522,0.7914299964904785,0.7920299768447876,0.7954999804496765,0.8015260100364685,0.7963899970054626,0.7763199806213379,0.777767539024353,0.7781818509101868,0.7756322026252747,0.7767472863197327,0.7764769196510315,0.7780330181121826,0.7796218395233154,0.781867504119873
