data_hoje,p_6,p_5,p_4,p_3,p_2,p_1,hoje,f_1,f_2,f_3,f_4,f_5,f_6,f_7,f_8
2026-01-27 22:19:03,152.76600646972656,152.76300048828125,152.7100067138672,152.3800048828125,152.19400024414062,152.2480010986328,152.2469940185547,152.22015380859375,152.2540283203125,152.2775115966797,152.31398010253906,152.4107208251953,152.3279266357422,152.21218872070312,152.20855712890625
