data_hoje,p_6,p_5,p_4,p_3,p_2,p_1,hoje,f_1,f_2,f_3,f_4,f_5,f_6,f_7,f_8
2026-01-26 19:02:09,17.65329933166504,17.63265037536621,17.57710075378418,17.591999053955078,17.482500076293945,17.46809959411621,17.337200164794922,17.317968368530273,17.338603973388672,17.35300064086914,17.343828201293945,17.332555770874023,17.35121726989746,17.340377807617188,17.3734188079834
