data_hoje,p_6,p_5,p_4,p_3,p_2,p_1,hoje,f_1,f_2,f_3,f_4,f_5,f_6,f_7,f_8
2026-01-26 17:31:06,5.518499851226807,5.590000152587891,5.517000198364258,5.372000217437744,5.370299816131592,5.31879997253418,5.275899887084961,5.242225170135498,5.285330295562744,5.248746871948242,5.270921230316162,5.267637252807617,5.2915849685668945,5.324807643890381,5.334357738494873
