data_hoje,p_6,p_5,p_4,p_3,p_2,p_1,hoje,f_1,f_2,f_3,f_4,f_5,f_6,f_7,f_8
2026-01-26 17:30:50,0.8516200184822083,0.8499100208282471,0.8510299921035767,0.8555600047111511,0.8603100180625916,0.8566799759864807,0.8417999744415283,0.8405487537384033,0.8382528424263,0.842605710029602,0.8419045209884644,0.843619704246521,0.8460983037948608,0.8464977145195007,0.8457902669906616
