data_hoje,p_6,p_5,p_4,p_3,p_2,p_1,hoje,f_1,f_2,f_3,f_4,f_5,f_6,f_7,f_8
2026-01-26 17:31:08,155.4949951171875,156.8769989013672,156.7310028076172,156.67999267578125,158.1490020751953,158.45599365234375,154.08900451660156,154.56471252441406,153.6758270263672,154.15220642089844,154.76885986328125,154.57325744628906,154.77682495117188,154.99656677246094,154.923583984375
