data_hoje,dia_1,dia_2,dia_3,dia_4,dia_5,dia_6,hoje,futuro_1,futuro_2,futuro_3,futuro_4,futuro_5,futuro_6,futuro_7,futuro_8
2026-01-26 14:07:52,0.7473099827766418,0.7460299730300903,0.7452499866485596,0.7440000176429749,0.7451900243759155,0.7406700253486633,0.7318099737167358,0.7314301133155823,0.7307772636413574,0.7313109040260315,0.7302212715148926,0.7322825789451599,0.733208179473877,0.7344545125961304,0.7339611053466797
