data_hoje,dia_1,dia_2,dia_3,dia_4,dia_5,dia_6,hoje,futuro_1,futuro_2,futuro_3,futuro_4,futuro_5,futuro_6,futuro_7,futuro_8
2026-01-26 14:06:57,5.367899894714356,5.367700099945068,5.36870002746582,5.374300003051758,5.31879997253418,5.283699989318848,5.282100200653076,5.283870697021484,5.288483142852783,5.276736736297607,5.27465295791626,5.28029727935791,5.278343677520752,5.296396732330322,5.297242164611816
