data_hoje,p_6,p_5,p_4,p_3,p_2,p_1,hoje,f_1,f_2,f_3,f_4,f_5,f_6,f_7,f_8
2026-01-26 17:30:50,0.7476860284805298,0.7423959970474243,0.7421900033950806,0.7407100200653076,0.7465900182723999,0.7451900243759155,0.7304400205612183,0.7304565906524658,0.7314543128013611,0.7335452437400818,0.7326857447624207,0.7321598529815674,0.7321507930755615,0.7300867438316345,0.7303350567817688
