data_hoje,p_6,p_5,p_4,p_3,p_2,p_1,hoje,f_1,f_2,f_3,f_4,f_5,f_6,f_7,f_8
2026-01-26 17:28:30,0.8034200072288513,0.7987200021743774,0.7978900074958801,0.7894999980926514,0.7963899970054626,0.7889999747276306,0.7759299874305725,0.7722256779670715,0.7731096744537354,0.7756113409996033,0.7753867506980896,0.7761933207511902,0.7799679040908813,0.779870331287384,0.781558632850647
