data_hoje,dia_1,dia_2,dia_3,dia_4,dia_5,dia_6,hoje,futuro_1,futuro_2,futuro_3,futuro_4,futuro_5,futuro_6,futuro_7,futuro_8
2026-01-26 14:07:52,0.8614000082015991,0.8602200150489807,0.8591700196266174,0.8526700139045715,0.8566799759864807,0.8507300019264221,0.8431000113487244,0.8426429033279419,0.8433494567871094,0.8442746996879578,0.8435911536216736,0.8437920808792114,0.8438673615455627,0.8435758352279663,0.843826174736023
