data_hoje,p_6,p_5,p_4,p_3,p_2,p_1,hoje,f_1,f_2,f_3,f_4,f_5,f_6,f_7,f_8
2026-01-26 23:30:08,5.3678998947143555,5.367700099945068,5.36870002746582,5.374300003051758,5.31879997253418,5.283699989318848,5.281000137329102,5.2864274978637695,5.283812999725342,5.295532703399658,5.287856578826904,5.276998519897461,5.276016712188721,5.268975734710693,5.270299911499023
