data_hoje,p_6,p_5,p_4,p_3,p_2,p_1,hoje,f_1,f_2,f_3,f_4,f_5,f_6,f_7,f_8
2026-01-26 17:27:50,0.8614000082015991,0.8602200150489807,0.8591700196266174,0.8526700139045715,0.8566799759864807,0.8507300019264221,0.8411999940872192,0.8419045805931091,0.842124342918396,0.8424573540687561,0.8400481939315796,0.8411685228347778,0.8416608572006226,0.8419516682624817,0.8426952362060547
