data_hoje,dia_1,dia_2,dia_3,dia_4,dia_5,dia_6,hoje,futuro_1,futuro_2,futuro_3,futuro_4,futuro_5,futuro_6,futuro_7,futuro_8
2026-01-26 15:57:44,158.5959930419922,157.53500366210938,158.177001953125,158.16200256347656,158.45599365234375,158.50100708007812,153.78500366210938,154.16116333007812,154.05728149414062,154.1362762451172,153.8091278076172,154.1195831298828,153.63560485839844,153.48081970214844,153.73199462890625
