data_hoje,p_6,p_5,p_4,p_3,p_2,p_1,hoje,f_1,f_2,f_3,f_4,f_5,f_6,f_7,f_8
2026-01-27 22:19:10,0.7663900256156921,0.766480028629303,0.7664999961853027,0.762470006942749,0.760890007019043,0.7616400122642517,0.761210024356842,0.7614538073539734,0.761910617351532,0.7612884044647217,0.7617748975753784,0.7613896727561951,0.7610394954681396,0.7608956694602966,0.7612928748130798
