data_hoje,p_6,p_5,p_4,p_3,p_2,p_1,hoje,f_1,f_2,f_3,f_4,f_5,f_6,f_7,f_8
2026-01-27 22:18:52,0.8345000147819519,0.8345000147819519,0.8346999883651733,0.8307999968528748,0.830299973487854,0.8314999938011169,0.8314999938011169,0.8310511708259583,0.8314012289047241,0.8311691880226135,0.8320855498313904,0.8325825333595276,0.8334671854972839,0.8339720368385315,0.8344928622245789
