data_hoje,p_6,p_5,p_4,p_3,p_2,p_1,hoje,f_1,f_2,f_3,f_4,f_5,f_6,f_7,f_8
2026-01-26 19:01:49,5.3678998947143555,5.367700099945068,5.36870002746582,5.374300003051758,5.31879997253418,5.283699989318848,5.277200222015381,5.2841668128967285,5.289695739746094,5.2770586013793945,5.270538806915283,5.273799896240234,5.27683162689209,5.282660484313965,5.278225898742676
