data_hoje,p_6,p_5,p_4,p_3,p_2,p_1,hoje,f_1,f_2,f_3,f_4,f_5,f_6,f_7,f_8
2026-01-26 17:28:20,5.3678998947143555,5.367700099945068,5.36870002746582,5.374300003051758,5.31879997253418,5.283699989318848,5.27239990234375,5.2772111892700195,5.273176193237305,5.2697954177856445,5.267601490020752,5.273725509643555,5.26782751083374,5.276960372924805,5.275506496429443
