data_hoje,p_6,p_5,p_4,p_3,p_2,p_1,hoje,f_1,f_2,f_3,f_4,f_5,f_6,f_7,f_8
2026-01-26 17:27:00,0.999576985836029,0.9997419714927673,0.9996939897537231,0.9996500015258789,0.9997190237045288,0.9998070001602173,0.9997673630714417,0.9997622966766357,0.9997428059577942,0.9997531771659851,0.9997304677963257,0.9997541904449463,0.9997735023498535,0.9997909665107727,0.9998020529747009
