data_hoje,p_6,p_5,p_4,p_3,p_2,p_1,hoje,f_1,f_2,f_3,f_4,f_5,f_6,f_7,f_8
2026-01-26 17:29:00,0.9997569918632507,0.9999790191650391,0.9997940063476562,1.0000250339508057,0.9997400045394897,0.9996939897537231,0.9996875524520874,0.9996957182884216,0.999643087387085,0.9997043609619141,0.9997387528419495,0.9997517466545105,0.9997063875198364,0.9997552633285522,0.9998354911804199
