data_hoje,p_6,p_5,p_4,p_3,p_2,p_1,hoje,f_1,f_2,f_3,f_4,f_5,f_6,f_7,f_8
2026-01-26 19:00:00,0.999576985836029,0.9997419714927673,0.9996939897537231,0.9996500015258789,0.9997190237045288,0.9998070001602173,0.9997580647468567,0.9997568130493164,0.9997544288635254,0.9997490644454956,0.9997473359107971,0.9997574687004089,0.9997621178627014,0.9997685551643372,0.9997815489768982
