data_hoje,dia_1,dia_2,dia_3,dia_4,dia_5,dia_6,hoje,futuro_1,futuro_2,futuro_3,futuro_4,futuro_5,futuro_6,futuro_7,futuro_8
2026-01-26 14:07:00,0.999576985836029,0.9997419714927673,0.9996939897537231,0.9996500015258789,0.9997190237045288,0.9998070001602173,0.9997300505638123,0.9997338652610779,0.9997394680976868,0.9997506141662598,0.9997197389602661,0.999717652797699,0.9997564554214478,0.999737560749054,0.9997265934944153
