data_hoje,p_6,p_5,p_4,p_3,p_2,p_1,hoje,f_1,f_2,f_3,f_4,f_5,f_6,f_7,f_8
2026-01-26 13:00:00,6.420000076293945,6.360000133514404,6.170000076293945,6.269999980926514,6.329999923706055,6.519999980926514,6.400000095367432,6.403683662414551,6.372994899749756,6.373615264892578,6.347222328186035,6.330590724945068,6.341618537902832,6.3566179275512695,6.350297451019287
