data_hoje,p_6,p_5,p_4,p_3,p_2,p_1,hoje,f_1,f_2,f_3,f_4,f_5,f_6,f_7,f_8
2026-01-26 21:07:34,5.920000076293945,5.900000095367432,5.980000019073486,6.480000019073486,6.670000076293945,6.329999923706055,6.400000095367432,6.452676773071289,6.4414896965026855,6.319501876831055,6.371033191680908,6.410097599029541,6.4221673011779785,6.392884254455566,6.321966171264648
