data_hoje,p_6,p_5,p_4,p_3,p_2,p_1,hoje,f_1,f_2,f_3,f_4,f_5,f_6,f_7,f_8
2026-01-26 17:16:15,70.3499984741211,72.9000015258789,72.37999725341797,76.31999969482422,74.73999786376953,82.9800033569336,83.97000122070312,84.2682876586914,84.16009521484375,83.25971221923828,84.81647491455078,82.26296997070312,82.5967788696289,82.32784271240234,83.92838287353516
