data_hoje,dia_1,dia_2,dia_3,dia_4,dia_5,dia_6,hoje,futuro_1,futuro_2,futuro_3,futuro_4,futuro_5,futuro_6,futuro_7,futuro_8
2026-01-26 13:53:45,78.87999725341797,78.56999969482422,80.08000183105469,82.5,82.9800033569336,85.0199966430664,85.79000091552734,85.43092346191406,85.79076385498047,85.61144256591797,85.1321792602539,85.49015045166016,85.90351104736328,86.1647720336914,85.93484497070312
