data_hoje,p_6,p_5,p_4,p_3,p_2,p_1,hoje,f_1,f_2,f_3,f_4,f_5,f_6,f_7,f_8
2026-01-26 17:13:32,78.87999725341797,78.56999969482422,80.08000183105469,82.5,82.9800033569336,85.0199966430664,83.91000366210938,83.9535903930664,83.29867553710938,83.0169906616211,83.62886810302734,83.93403625488281,83.96730041503906,84.50592041015625,84.36780548095703
