data_hoje,p_6,p_5,p_4,p_3,p_2,p_1,hoje,f_1,f_2,f_3,f_4,f_5,f_6,f_7,f_8
2026-01-26 21:07:55,70.3499984741211,72.9000015258789,72.37999725341797,76.31999969482422,74.73999786376953,82.9800033569336,83.06999969482422,82.27915954589844,82.60575103759766,82.54419708251953,83.1301498413086,82.64838409423828,82.3102035522461,82.52263641357422,83.15154266357422
