data_hoje,dia_1,dia_2,dia_3,dia_4,dia_5,dia_6,hoje,futuro_1,futuro_2,futuro_3,futuro_4,futuro_5,futuro_6,futuro_7,futuro_8
2026-01-26 15:56:00,0.20711499452590942,0.2122659981250763,0.21136100590229034,0.21199700236320496,0.21148300170898438,0.2030390053987503,0.20885884761810303,0.20811904966831207,0.2092687487602234,0.209037184715271,0.20875398814678192,0.20690065622329712,0.20737329125404358,0.20689398050308228,0.20798346400260925
