data_hoje,p_6,p_5,p_4,p_3,p_2,p_1,hoje,f_1,f_2,f_3,f_4,f_5,f_6,f_7,f_8
2026-01-26 17:29:00,0.22006799280643463,0.21884800493717194,0.23400799930095673,0.21922700107097626,0.23056399822235107,0.21136100590229034,0.20698115229606628,0.21016378700733185,0.20802709460258484,0.20452266931533813,0.20266397297382355,0.2144848108291626,0.21144945919513702,0.20761525630950928,0.2110576629638672
