data_hoje,p_6,p_5,p_4,p_3,p_2,p_1,hoje,f_1,f_2,f_3,f_4,f_5,f_6,f_7,f_8
2026-01-26 17:27:00,0.20711499452590942,0.2122659981250763,0.21136100590229034,0.21199700236320496,0.21148300170898438,0.2030390053987503,0.20722989737987518,0.207794651389122,0.2066367119550705,0.20572733879089355,0.20560669898986816,0.20557282865047455,0.20854519307613373,0.20829704403877258,0.2083042412996292
