data_hoje,p_6,p_5,p_4,p_3,p_2,p_1,hoje,f_1,f_2,f_3,f_4,f_5,f_6,f_7,f_8
2026-01-26 19:00:00,0.20711499452590942,0.2122659981250763,0.21136100590229034,0.21199700236320496,0.21148300170898438,0.2030390053987503,0.20684808492660522,0.20597422122955322,0.20635968446731567,0.20694640278816223,0.20752207934856415,0.2058458924293518,0.2055913358926773,0.20670925080776215,0.20656545460224152
