data_hoje,p_6,p_5,p_4,p_3,p_2,p_1,hoje,f_1,f_2,f_3,f_4,f_5,f_6,f_7,f_8
2026-01-27 22:18:00,0.2042345255613327,0.20518703758716583,0.20586632192134857,0.20919066667556763,0.20856304466724396,0.20889586210250854,0.20887210965156555,0.20896457135677338,0.20863160490989685,0.20936748385429382,0.20864878594875336,0.20895850658416748,0.20878055691719055,0.20844890177249908,0.20809558033943176
