data_hoje,dia_1,dia_2,dia_3,dia_4,dia_5,dia_6,hoje,futuro_1,futuro_2,futuro_3,futuro_4,futuro_5,futuro_6,futuro_7,futuro_8
2026-01-26 15:56:00,1.8895820379257202,1.945557951927185,1.9216740131378174,1.9195319414138794,1.9131300449371338,1.8330260515213013,1.9231345653533936,1.9240187406539917,1.9239673614501953,1.9244556427001953,1.9228185415267944,1.9094558954238892,1.8915528059005737,1.9051951169967651,1.903704285621643
