data_hoje,p_6,p_5,p_4,p_3,p_2,p_1,hoje,f_1,f_2,f_3,f_4,f_5,f_6,f_7,f_8
2026-01-27 22:18:00,1.8776116371154785,1.9025195837020874,1.9042202234268188,1.9196032285690308,1.910982608795166,1.914108395576477,1.9138476848602295,1.9123049974441528,1.911100149154663,1.9138424396514893,1.9154253005981445,1.9139882326126099,1.907253623008728,1.9074885845184326,1.9128193855285645
