data_hoje,p_6,p_5,p_4,p_3,p_2,p_1,hoje,f_1,f_2,f_3,f_4,f_5,f_6,f_7,f_8
2026-01-26 17:29:00,1.864359974861145,2.00581693649292,2.1671249866485596,2.0525450706481934,2.062372922897339,1.9216740131378174,1.9060187339782715,1.8859224319458008,1.859605312347412,1.8964812755584717,1.8792407512664795,1.9222692251205444,1.915213942527771,1.9154525995254517,1.9214980602264404
