data_hoje,p_6,p_5,p_4,p_3,p_2,p_1,hoje,f_1,f_2,f_3,f_4,f_5,f_6,f_7,f_8
2026-01-26 19:00:00,1.8895820379257202,1.945557951927185,1.9216740131378174,1.9195319414138794,1.9131300449371338,1.8330260515213013,1.9146116971969604,1.9149649143218994,1.9140676259994507,1.9119822978973389,1.9126973152160645,1.8799998760223389,1.8775031566619873,1.8890331983566284,1.9032832384109497
