data_hoje,p_6,p_5,p_4,p_3,p_2,p_1,hoje,f_1,f_2,f_3,f_4,f_5,f_6,f_7,f_8
2026-01-26 17:26:00,1.8895820379257202,1.945557951927185,1.9216740131378174,1.9195319414138794,1.9131300449371338,1.8330260515213013,1.9058536291122437,1.9095767736434937,1.908902883529663,1.907829761505127,1.8972872495651245,1.8902521133422852,1.8819735050201416,1.882218837738037,1.8892176151275635
