data_hoje,dia_1,dia_2,dia_3,dia_4,dia_5,dia_6,hoje,futuro_1,futuro_2,futuro_3,futuro_4,futuro_5,futuro_6,futuro_7,futuro_8
2026-01-26 15:57:00,0.5533030033111572,0.5937730073928833,0.5787249803543091,0.589028000831604,0.5849130153656006,0.5623390078544617,0.5712111592292786,0.5610572695732117,0.5650290846824646,0.5669309496879578,0.5709690451622009,0.5749984979629517,0.5754478573799133,0.5751137137413025,0.5788626074790955
