data_hoje,p_6,p_5,p_4,p_3,p_2,p_1,hoje,f_1,f_2,f_3,f_4,f_5,f_6,f_7,f_8
2026-01-26 17:28:00,0.5533030033111572,0.5937730073928833,0.5787249803543091,0.589028000831604,0.5849130153656006,0.5623390078544617,0.5645011067390442,0.5650781989097595,0.5610188245773315,0.5572935342788696,0.5634304285049438,0.5649644732475281,0.5657393336296082,0.5696396827697754,0.5628497004508972
