data_hoje,p_6,p_5,p_4,p_3,p_2,p_1,hoje,f_1,f_2,f_3,f_4,f_5,f_6,f_7,f_8
2026-01-27 22:18:00,0.5643260478973389,0.5678633451461792,0.5670895576477051,0.5736359357833862,0.5707947611808777,0.5701720714569092,0.5701472163200378,0.5702635645866394,0.570711076259613,0.570393443107605,0.5695412158966064,0.5701376795768738,0.5696459412574768,0.5686784982681274,0.5698381066322327
