data_hoje,p_6,p_5,p_4,p_3,p_2,p_1,hoje,f_1,f_2,f_3,f_4,f_5,f_6,f_7,f_8
2026-01-26 17:30:00,0.49886399507522583,0.5286459922790527,0.5673249959945679,0.5543220043182373,0.6015260219573975,0.5787249803543091,0.5644544363021851,0.5658013224601746,0.5509794354438782,0.5593128204345703,0.5592448115348816,0.5640025734901428,0.570602297782898,0.5615643858909607,0.550696611404419
